-- MySQL dump 10.13  Distrib 5.6.34, for Win32 (AMD64)
--
-- Host: localhost    Database: momondo2
-- ------------------------------------------------------
-- Server version	5.6.34-log

/*!40101 SET @OLD_CHARACTER_SET_CLIENT=@@CHARACTER_SET_CLIENT */;
/*!40101 SET @OLD_CHARACTER_SET_RESULTS=@@CHARACTER_SET_RESULTS */;
/*!40101 SET @OLD_COLLATION_CONNECTION=@@COLLATION_CONNECTION */;
/*!40101 SET NAMES utf8 */;
/*!40103 SET @OLD_TIME_ZONE=@@TIME_ZONE */;
/*!40103 SET TIME_ZONE='+00:00' */;
/*!40014 SET @OLD_UNIQUE_CHECKS=@@UNIQUE_CHECKS, UNIQUE_CHECKS=0 */;
/*!40014 SET @OLD_FOREIGN_KEY_CHECKS=@@FOREIGN_KEY_CHECKS, FOREIGN_KEY_CHECKS=0 */;
/*!40101 SET @OLD_SQL_MODE=@@SQL_MODE, SQL_MODE='NO_AUTO_VALUE_ON_ZERO' */;
/*!40111 SET @OLD_SQL_NOTES=@@SQL_NOTES, SQL_NOTES=0 */;

--
-- Table structure for table `adminusers`
--

DROP TABLE IF EXISTS `adminusers`;
/*!40101 SET @saved_cs_client     = @@character_set_client */;
/*!40101 SET character_set_client = utf8 */;
CREATE TABLE `adminusers` (
  `adminuser_id` int(11) NOT NULL AUTO_INCREMENT,
  `adminuser_username` varchar(30) NOT NULL,
  `adminuser_password` varchar(45) CHARACTER SET latin1 NOT NULL,
  `adminuser_permission` int(11) NOT NULL,
  PRIMARY KEY (`adminuser_id`)
) ENGINE=InnoDB DEFAULT CHARSET=utf8mb4;
/*!40101 SET character_set_client = @saved_cs_client */;

--
-- Dumping data for table `adminusers`
--

LOCK TABLES `adminusers` WRITE;
/*!40000 ALTER TABLE `adminusers` DISABLE KEYS */;
/*!40000 ALTER TABLE `adminusers` ENABLE KEYS */;
UNLOCK TABLES;

--
-- Table structure for table `airports`
--

DROP TABLE IF EXISTS `airports`;
/*!40101 SET @saved_cs_client     = @@character_set_client */;
/*!40101 SET character_set_client = utf8 */;
CREATE TABLE `airports` (
  `airport_id` int(11) NOT NULL AUTO_INCREMENT,
  `airport_name` varchar(60) NOT NULL,
  `airport_iata` varchar(3) CHARACTER SET latin1 NOT NULL,
  `city_id` int(11) DEFAULT NULL,
  PRIMARY KEY (`airport_id`)
) ENGINE=InnoDB AUTO_INCREMENT=1361 DEFAULT CHARSET=utf8mb4;
/*!40101 SET character_set_client = @saved_cs_client */;

--
-- Dumping data for table `airports`
--

LOCK TABLES `airports` WRITE;
/*!40000 ALTER TABLE `airports` DISABLE KEYS */;
INSERT INTO `airports` VALUES (1,'Rabah Bitat Airport','AAE',379),(2,'Houari Boumedienne Airport','ALG',380),(3,'Touat-Cheikh Sidi Mohamed Belkebir Airport','AZR',381),(4,'Soummam Airport','BJA',382),(5,'Batna Airport','BLJ',383),(6,'Biskra Airport','BSK',384),(7,'Chlef International Airport','CFK',385),(8,'Mohamed Boudiaf Airport','CZL',386),(9,'Jijel Ferhat Abbas Airport','GJL',387),(10,'Oued Irara Airport','HME',388),(11,'Oran Es Senia Airport','ORN',389),(12,'Ain Arnat Airport','QSF',390),(13,'Zenata Airport','TLM',391),(14,'Tamanrasset Airport','TMR',392),(15,'Quatro de Fevereiro Airport','LAD',393),(16,'Lubango Airport','SSD',394),(17,'Cadjehoun Airport','COO',395),(18,'Kasane Airport','BBK',396),(19,'Francistown Airport','FRW',397),(20,'Sir Seretse Khama International Airport','GBE',398),(21,'Maun Airport','MUB',399),(22,'Bobo Dioulasso Airport','BOY',400),(23,'Ouagadougou Airport','OUA',401),(24,'Bujumbura International Airport','BJM',402),(25,'Douala Airport','DLA',403),(26,'Nsimalen Airport','NSI',404),(27,'Aristides Pereira International Airport','BVC',405),(28,'Nelson Mandela International Airport','RAI',406),(29,'Am├¡lcar Cabral International Airport','SID',407),(30,'Ces├íria ├ëvora Airport','VXE',408),(31,'M\'Poko International Airport','BGF',409),(32,'N\'Djamena International Airport','NDJ',410),(33,'Prince Said Ibrahim International Airport','HAH',411),(34,'Port Bouet Airport','ABJ',412),(35,'Lubumbashi International Airport','FBM',413),(36,'N\'djili Airport','FIH',414),(37,'Bangoka International Airport','FKI',415),(38,'Goma International Airport','GOM',416),(39,'DjiboutiÔÇôAmbouli International Airport','JIB',417),(40,'El Arish International Airport','AAC',418),(41,'Alexandria International Airport','ALY',419),(42,'Alexandria International Airport','ALY',424),(43,'Aswan International Airport','ASW',420),(44,'Assiut Airport','ATZ',421),(45,'Cairo International Airport','CAI',422),(46,'Al Alamain International Airport','DBB',423),(47,'Borg El Arab Airport','HBE',419),(48,'Borg El Arab Airport','HBE',424),(49,'Sohag International Airport','HMB',425),(50,'Hurghada International Airport','HRG',426),(51,'Luxor International Airport','LXR',427),(52,'Mersa Matruh Airport','MUH',428),(53,'Marsa Alam International Airport','RMF',429),(54,'St. Catherine International Airport','SKV',430),(55,'Sharm el-Sheikh International Airport','SSH',431),(56,'Taba International Airport','TCP',432),(57,'Malabo International Airport','SSG',433),(58,'Asmara International Airport','ASM',434),(59,'Addis Ababa Bole International Airport','ADD',435),(60,'Aba Tenna Dejazmach Yilma International Airport','DIR',436),(61,'Libreville International Airport','LBV',437),(62,'M\'Vengue El Hadj Omar Bongo Ondimba International Airport','MVB',438),(63,'Port-Gentil International Airport','POG',439),(64,'Banjul International Airport','BJL',440),(65,'Kotoka International Airport','ACC',441),(66,'Tamale Airport','TML',442),(67,'Conakry International Airport','CKY',443),(68,'Bubaque Airport','BQE',444),(69,'Osvaldo Vieira International Airport','OXB',445),(70,'Eldoret International Airport','EDL',446),(71,'Kisumu International Airport','KIS',447),(72,'Moi International Airport','MBA',448),(73,'Jomo Kenyatta International Airport','NBO',449),(74,'Moshoeshoe I International Airport','MSU',450),(75,'Roberts International Airport','ROB',451),(76,'Benina International Airport','BEN',452),(77,'Mitiga International Airport','MJI',453),(78,'Sebha Airport','SEB',454),(79,'Tripoli International Airport','TIP',455),(80,'Arrachart Airport','DIE',456),(81,'T├┤lanaro Airport','FTU',457),(82,'Amborovy Airport','MJN',458),(83,'Fascene Airport','NOS',459),(84,'Toliara Airport','TLE',460),(85,'Toamasina Airport','TMM',461),(86,'Ivato International Airport','TNR',462),(87,'Chileka International Airport','BLZ',463),(88,'Lilongwe International Airport','LLW',464),(89,'Senou International Airport','BKO',465),(90,'Nouadhibou International Airport','NDB',466),(91,'NouakchottÔÇôOumtounsy International Airport','NKC',467),(92,'Sir Seewoosagur Ramgoolam International Airport','MRU',468),(93,'DzaoudziÔÇôPamandzi International Airport','DZA',469),(94,'Al Massira Airport','AGA',470),(95,'Mohammed V International Airport','CMN',471),(96,'Hassan I Airport','EUN',472),(97,'Fes-Sa├»ss Airport','FEZ',473),(98,'Nador International Airport','NDR',474),(99,'Angads Airport','OUD',475),(100,'Marrakech-Menara Airport','RAK',476),(101,'Rabat-Sal├® Airport','RBA',477),(102,'Tangier-Boukhalef Airport','TNG',478),(103,'Sania Ramel Airport','TTU',479),(104,'Dakhla Airport','VIL',480),(105,'Nampula Airport','APL',481),(106,'Beira Airport','BEW',482),(107,'Inhambane Airport','INH',483),(108,'Maputo International Airport','MPM',484),(109,'Pemba Airport','POL',485),(110,'Chingozi Airport','TET',486),(111,'Vilankulo Airport','VNX',487),(112,'Hosea Kutako International Airport','WDH',488),(113,'Walvis Bay Airport','WVB',489),(114,'Diori Hamani International Airport','NIM',490),(115,'Asaba International Airport','ABB',491),(116,'Nnamdi Azikiwe International Airport','ABV',492),(117,'Margaret Ekpo International Airport','CBQ',493),(118,'Akanu Ibiam International Airport','ENU',494),(119,'Mallam Aminu Kano International Airport','KAN',495),(120,'Murtala Mohammed International Airport','LOS',496),(121,'Port Harcourt International Airport','PHC',497),(122,'Sadiq Abubakar III International Airport','SKO',498),(123,'Maya-Maya Airport','BZV',499),(124,'Pointe Noire Airport','PNR',500),(125,'Roland Garros Airport','RUN',501),(126,'Kigali International Airport','KGL',502),(127,'S├úo Tom├® International Airport','TMS',503),(128,'L├®opold S├®dar Senghor International Airport','DKR',504),(129,'Seychelles International Airport','SEZ',44),(130,'Seychelles International Airport','SEZ',505),(131,'Lungi International Airport','FNA',506),(132,'Bosaso Airport','BSA',507),(133,'Abdullahi Yusuf Airport','GBY',508),(134,'Garowe Airport','GGR',509),(135,'Hargeisa Airport','HGA',510),(136,'Kismayo Airport','KMU',511),(137,'Aden Adde International Airport','MGQ',512),(138,'Cape Town International Airport','CPT',513),(139,'King Shaka International Airport','DUR',514),(140,'Lanseria International Airport','HLA',515),(141,'Lanseria International Airport','HLA',516),(142,'OR Tambo International Airport','JNB',515),(143,'OR Tambo International Airport','JNB',516),(144,'Kruger Mpumalanga International Airport','MQP',517),(145,'Juba International Airport','JUB',518),(146,'Khartoum International Airport','KRT',519),(147,'Port Sudan New International Airport','PZU',520),(148,'King Mswati III International Airport','SHO',521),(149,'Julius Nyerere International Airport','DAR',522),(150,'Kilimanjaro International Airport','JRO',523),(151,'Abeid Amani Karume International Airport','ZNZ',524),(152,'Tokoin Airport','LFW',525),(153,'Zarzis Airport','DJE',526),(154,'Habib Bourguiba International Airport','MIR',527),(155,'Enfidha-Hammamet International Airport','NBE',528),(156,'Thyna International Airport','SFA',529),(157,'TabarkaÔÇôA├»n Draham International Airport','TBJ',530),(158,'Nefta International Airport','TOE',531),(159,'Carthage International Airport','TUN',532),(160,'Entebbe International Airport','EBB',533),(161,'Kenneth Kaunda International Airport','LUN',534),(162,'Harry Mwanga Nkumbula International Airport','LVI',535),(163,'Simon Mwansa Kapwepwe International Airport','NLA',536),(164,'Joshua Mqabuko Nkomo International Airport','BUQ',537),(165,'Robert Gabriel Mugabe International Airport','HRE',538),(166,'Victoria Falls Airport','VFA',539),(167,'Clayton J. Lloyd International Airport','AXA',540),(168,'VC Bird International Airport','ANU',541),(169,'Ministro Pistarini International Airport','EZE',542),(170,'Ministro Pistarini International Airport','EZE',543),(171,'Aeroparque Jorge Newbery','AEP',542),(172,'Aeroparque Jorge Newbery','AEP',543),(173,'Ingeniero Ambrosio L.V. Taravella International Airport','COR',544),(174,'Governor Francisco Gabrielli International Airport','MDZ',545),(175,'Cataratas del Iguaz├║ International Airport','IGR',546),(176,'Resistencia International Airport','RES',547),(177,'Piloto Civil N. Fern├índez International Airport','RGL',548),(178,'Teniente Luis Candelaria International Airport','BRC',549),(179,'Ushuaia International Airport','USH',550),(180,'Lynden Pindling International Airport','NAS',551),(181,'Chub Cay International Airport','CCZ',552),(182,'Exuma International Airport','GGT',553),(183,'Grand Bahama International Airport','FPO',554),(184,'Rock Sound International Airport','RSD',555),(185,'Marsh Harbor International Airport','MHH',556),(186,'Grantley Adams International Airport','BGI',557),(187,'Philip S. W. Goldson International Airport','BZE',558),(188,'L.F. Wade International Airport','BDA',559),(189,'El Alto International Airport','LPB',560),(190,'Viru Viru International Airport','VVI',561),(191,'Santa Maria Airport','AJU',1),(192,'Val de C├úes International Airport','BEL',2),(193,'Tancredo Neves International Airport','CNF',3),(194,'Viracopos International Airport','VCP',4),(195,'Campo Grande International Airport','CGR',5),(196,'Marechal Rondon International Airport','CGB',6),(197,'Afonso Pena International Airport','CWB',7),(198,'Herc├¡lio Luz International Airport','FLN',8),(199,'Pinto Martins International Airport','FOR',9),(200,'Santa Genoveva Airport','GYN',10),(201,'Presidente Castro Pinto International Airport','JPA',11),(202,'Zumbi dos Palmares International Airport','MCZ',12),(203,'Eduardo Gomes International Airport','MAO',13),(204,'Senador Nilo Coelho Airport','PNZ',14),(205,'Salgado Filho International Airport','POA',15),(206,'Governador Jorge Teixeira de Oliveira International Airport','PVH',16),(207,'Guararapes International Airport','REC',17),(208,'Rio de Janeiro-Gale├úo International Airport','GIG',18),(209,'Deputado Lu├¡s Eduardo Magalh├úes International Airport','SSA',19),(210,'Marechal Cunha Machado International Airport','SLZ',20),(211,'S├úo Paulo-Guarulhos International Airport','GRU',21),(212,'Congonhas Airport','CGH',21),(213,'Eurico de Aguiar Salles Airport','VIX',23),(214,'Gander International Airport','YQX',24),(215,'Halifax Stanfield International Airport','YHZ',25),(216,'Greater Moncton International Airport','YQM',26),(217,'St. John\'s International Airport','YYT',27),(218,'John C. Munro Hamilton International Airport','YHM',28),(219,'Montreal-Pierre Elliott Trudeau International Airport','YUL',29),(220,'Ottawa Macdonald-Cartier International Airport','YOW',30),(221,'Quebec/Jean Lesage International Airport','YQB',31),(222,'Thunder Bay International Airport','YQT',32),(223,'Billy Bishop Toronto City Airport','YTZ',33),(224,'Toronto Pearson International Airport','YYZ',33),(225,'Iqaluit Airport','YFB',35),(226,'Erik Nielsen Whitehorse International Airport','YXY',36),(227,'Calgary International Airport','YYC',37),(228,'Edmonton International Airport','YEG',38),(229,'Regina International Airport','YQR',39),(230,'Saskatoon John G. Diefenbaker International Airport','YXE',40),(231,'Winnipeg James Armstrong Richardson International Airport','YWG',41),(232,'Kelowna International Airport','YLW',42),(233,'Vancouver International Airport','YVR',43),(234,'Victoria International Airport','YYJ',44),(235,'Victoria International Airport','YYJ',505),(236,'Charles Kirkconnell International Airport','CYB',562),(237,'Owen Roberts International Airport','GCM',563),(238,'Owen Roberts International Airport','GCM',619),(239,'Cerro Moreno International Airport','ANF',564),(240,'Mataveri International Airport','IPC',565),(241,'Carriel Sur International Airport','CCP',566),(242,'El Tepual International Airport','PMC',567),(243,'Presidente Carlos Ib├í├▒ez del Campo International Airport','PUQ',568),(244,'Comodoro Arturo Merino Ben├¡tez International Airport','SCL',569),(245,'El Ed├®n International Airport','AXM',570),(246,'Ernesto Cortissoz International Airport','BAQ',571),(247,'El Dorado International Airport','BOG',572),(248,'Palonegro International Airport','BGA',573),(249,'Alfonso Bonilla Aragon International Airport','CLO',574),(250,'Rafael N├║├▒ez International Airport','CTG',575),(251,'Camilo Daza International Airport','CUC',576),(252,'Alfredo V├ísquez Cobo International Airport','LET',577),(253,'Jos├® Mar├¡a C├│rdova International Airport','MDE',578),(254,'Mateca├▒a International Airport','PEI',579),(255,'Gustavo Rojas Pinilla International Airport','ADZ',580),(256,'Sim├│n Bol├¡var International Airport','SMR',581),(257,'Daniel Oduber Quir├│s International Airport','LIR',582),(258,'Juan Santamar├¡a International Airport','SJO',583),(259,'Ignacio Agramonte International Airport','CMW',584),(260,'Jardines del Rey Airport','CCC',585),(261,'Vilo Acu├▒a Airport','CYO',586),(262,'Jaime Gonz├ílez Airport','CFG',587),(263,'Jos├® Mart├¡ International Airport','HAV',588),(264,'Frank Pa├¡s Airport','HOG',589),(265,'Abel Santa Mar├¡a Airport','SNU',590),(266,'Antonio Maceo Airport','SCU',591),(267,'Juan Gualberto G├│mez Airport','VRA',592),(268,'Melville Hall Airport','DOM',593),(269,'Mar├¡a Montez International Airport','BRX',594),(270,'La Romana International Airport','LRM',595),(271,'Punta Cana International Airport','PUJ',596),(272,'Saman├í El Catey International Airport','AZS',597),(273,'Gregorio Luper├│n International Airport','POP',598),(274,'Cibao International Airport','STI',599),(275,'Las Am├®ricas International Airport','SDQ',600),(276,'Mariscal Lamar International Airport','CUE',601),(277,'Carlos Concha Torres International Airport','ESM',602),(278,'Jos├® Joaqu├¡n de Olmedo International Airport','GYE',603),(279,'Santa Rosa International Airport','ETR',604),(280,'Eloy Alfaro International Airport','MEC',605),(281,'Mariscal Sucre International Airport','UIO',606),(282,'Teniente Coronel Luis a Mantilla International Airport','TUA',607),(283,'Monse├▒or ├ôscar Arnulfo Romero International Airport','SAL',608),(284,'RAF Mount Pleasant','MPN',609),(285,'Cayenne-Rochambeau Airport','CAY',610),(286,'Kangerlussuaq Airport','SFJ',611),(287,'Nuuk Airport','GOH',612),(288,'Ilulissat Airport','JAV',613),(289,'Narsarsuaq Airport','UAK',614),(290,'Maurice Bishop International Airport','GND',615),(291,'P├┤le Cara├»bes International Airport','PTP',616),(292,'Mundo Maya International Airport','FRS',617),(293,'La Aurora International Airport','GUA',618),(294,'Cheddi Jagan International Airport','GEO',563),(295,'Cheddi Jagan International Airport','GEO',619),(296,'Hugo Ch├ívez International Airport','CAP',620),(297,'Toussaint Louverture International Airport','PAP',621),(298,'Golos├│n International Airport','LCE',622),(299,'Juan Manuel G├ílvez International Airport','RTB',623),(300,'Ram├│n Villeda Morales International Airport','SAP',624),(301,'Toncontin International Airport','TGU',625),(302,'Norman Manley International Airport','KIN',626),(303,'Sangster International Airport','MBJ',627),(304,'Martinique Aim├® C├®saire International Airport','FDF',628),(305,'General Juan N. Alvarez International Airport','ACA',45),(306,'Lic. Jes├║s Ter├ín Peredo International Airport','AGU',46),(307,'Cancun International Airport','CUN',47),(308,'Roberto Fierro Villalobos International Airport','CUU',48),(309,'Ciudad del Carmen International Airport','CME',49),(310,'Cozumel International Airport','CZM',50),(311,'Federal de Bachigualato International Airport','CUL',51),(312,'General Guadalupe Victoria International Airport','DGO',52),(313,'Don Miguel Hidalgo y Costilla International Airport','GDL',53),(314,'Hermosillo International Airport','HMO',54),(315,'Bah├¡as de Huatulco International Airport','HUX',55),(316,'Ixtapa-Zihuatanejo International Airport','ZIH',56),(317,'Del Baj├¡o International Airport','BJX',57),(318,'Loreto International Airport','LTO',58),(319,'Los Cabos International Airport','SJD',59),(320,'Playa de Oro International Airport','ZLO',60),(321,'General Rafael Buelna International Airport','MZT',61),(322,'Manuel Crescencio Rej├│n International Airport','MID',62),(323,'Mexico City International Airport','MEX',63),(324,'General Mariano Escobedo International Airport','MTY',64),(325,'General Francisco J. Mujica International Airport','MLM',65),(326,'Xoxocotl├ín International Airport','OAX',66),(327,'Hermanos Serd├ín International Airport','PBC',67),(328,'Lic. Gustavo D├¡az Ordaz International Airport','PVR',68),(329,'Quer├®taro Intercontinental Airport','QRO',69),(330,'Plan de Guadalupe International Airport','SLW',70),(331,'Ponciano Arriaga International Airport','SLP',71),(332,'General Francisco Javier Mina International Airport','TAM',72),(333,'Gral. Abelardo L. Rodr├¡guez International Airport','TIJ',73),(334,'Lic. Adolfo L├│pez Mateos International Airport','TLC',74),(335,'Francisco Sarabia International Airport','TRC',75),(336,'Angel Albino Corzo International Airport','TGZ',76),(337,'Uruapan International Airport','UPN',77),(338,'General Heriberto Jara International Airport','VER',78),(339,'Carlos Rovirosa P├®rez International Airport','VSA',79),(340,'General Leobardo C. Ruiz International Airport','ZCL',80),(341,'John A. Osborne Airport','MNI',629),(342,'Flamingo International Airport','BON',630),(343,'Queen Beatrix International Airport','AUA',631),(344,'Princess Juliana International Airport','SXM',632),(345,'Hato International Airport','CUR',633),(346,'Augusto C. Sandino International Airport','MGA',634),(347,'Bluefields Airport','BEF',635),(348,'Corn Island Airport','RNI',636),(349,'Puerto Cabezas Airport','PUZ',637),(350,'Bocas del Toro \"Isla Col├│n\" International Airport','BOC',638),(351,'Enrique Malek International Airport','DAV',639),(352,'Tocumen International Airport','PTY',640),(353,'Silvio Pettirossi International Airport','ASU',641),(354,'Guaran├¡ International Airport','AGT',642),(355,'Rodr├¡guez Ball├│n International Airport','AQP',643),(356,'Alejandro Velasco Astete International Airport','CUZ',644),(357,'Jorge Ch├ívez International Airport','LIM',645),(358,'Rafael Hern├índez Airport','BQN',646),(359,'Luis Mu├▒oz Mar├¡n International Airport','SJU',647),(360,'Luis Mu├▒oz Mar├¡n International Airport','SJU',648),(361,'Luis Munoz Marin International Airport','SJU',647),(362,'Luis Munoz Marin International Airport','SJU',648),(363,'Gustaf III Airport','SBH',649),(364,'Robert L. Bradshaw International Airport','SKB',650),(365,'Hewanorra International Airport','UVF',651),(366,'Argyle International Airport','SVD',652),(367,'Canouan Airport','CIW',653),(368,'Johan Adolf Pengel International Airport','PBM',654),(369,'Piarco International Airport','POS',655),(370,'Arthur Napoleon Raymond Robinson International Airport','TAB',656),(371,'Providenciales Airport','PLS',657),(372,'AkronÔÇôCanton Airport','CAK',81),(373,'Akron Fulton International Airport','AKC',81),(374,'Appleton International Airport','ATW',83),(375,'Chicago Midway International Airport','MDW',84),(376,'Chicago Rockford International Airport','RFD',84),(377,'O\'Hare International Airport','ORD',84),(378,'Cleveland Hopkins International Airport','CLE',87),(379,'Port Columbus International Airport','CMH',88),(380,'Rickenbacker International Airport','LCK',88),(381,'Dayton International Airport','DAY',90),(382,'Detroit Metropolitan Wayne County Airport','DTW',91),(383,'Indianapolis International Airport','IND',92),(384,'Capital Region International Airport','LAN',93),(385,'General Mitchell International Airport','MKE',94),(386,'Birmingham-Shuttlesworth International Airport','BHM',95),(387,'Birmingham-Shuttlesworth International Airport','BHM',359),(388,'Cincinnati/Northern Kentucky International Airport','CVG',96),(389,'Huntsville International Airport','HSV',97),(390,'Louisville International Airport','SDF',98),(391,'Memphis International Airport','MEM',99),(392,'Nashville International Airport','BNA',100),(393,'Albany International Airport','ALB',101),(394,'Atlantic City International Airport','ACY',102),(395,'Buffalo Niagara International Airport','BUF',103),(396,'John F. Kennedy International Airport','JFK',104),(397,'LaGuardia Airport','LGA',104),(398,'Newark Liberty International Airport','EWR',106),(399,'Stewart International Airport','SWF',107),(400,'Philadelphia International Airport','PHL',108),(401,'Pittsburgh International Airport','PIT',109),(402,'Greater Rochester International Airport','ROC',110),(403,'Syracuse Hancock International Airport','SYR',111),(404,'Albuquerque International Sunport','ABQ',112),(405,'Denver International Airport','DEN',113),(406,'McCarran International Airport','LAS',114),(407,'Phoenix Sky Harbor International Airport','PHX',115),(408,'Reno-Tahoe International Airport','RNO',116),(409,'Salt Lake City International Airport','SLC',117),(410,'Bangor International Airport','BGR',118),(411,'Logan International Airport','BOS',119),(412,'Bradley International Airport','BDL',120),(413,'Portland International Jetport','PWM',121),(414,'T.F. Green Airport','PVD',122),(415,'Ted Stevens Anchorage International Airport','ANC',123),(416,'Fairbanks International Airport','FAI',124),(417,'Fresno Yosemite International Airport','FAT',125),(418,'Hilo International Airport','ITO',126),(419,'Honolulu International Airport','HNL',127),(420,'Juneau International Airport','JNU',128),(421,'Ketchikan International Airport','KTN',129),(422,'Kona International Airport','KOA',130),(423,'Los Angeles International Airport','LAX',131),(424,'Metropolitan Oakland International Airport','OAK',132),(425,'Ontario International Airport','ONT',133),(426,'John Wayne Airport','SNA',134),(427,'Palm Springs International Airport','PSP',135),(428,'Portland International Airport','PDX',136),(429,'Sacramento International Airport','SMF',137),(430,'San Bernardino International Airport','SBD',138),(431,'San Diego International Airport','SAN',139),(432,'San Francisco International Airport','SFO',140),(433,'San Jose International Airport','SJC',141),(434,'Kenmore Air Harbor Seaplane Base','LKE',142),(435,'King County International Airport','BFI',142),(436,'Seattle-Tacoma International Airport','SEA',142),(437,'Paine Field','PAE',145),(438,'Spokane International Airport','GEG',146),(439,'Hartsfield-Jackson Atlanta International Airport','ATL',147),(440,'Baltimore-Washington International Thurgood Marshall Airport','BWI',148),(441,'Charlotte/Douglas International Airport','CLT',149),(442,'Charleston International Airport','CHS',150),(443,'Fort Lauderdale-Hollywood International Airport','FLL',151),(444,'Southwest Florida International Airport','RSW',152),(445,'Jacksonville International Airport','JAX',153),(446,'Key West International Airport','EYW',154),(447,'Melbourne International Airport','MLB',155),(448,'Miami International Airport','MIA',156),(449,'Myrtle Beach International Airport','MYR',157),(450,'Orlando International Airport','MCO',158),(451,'Orlando Sanford International Airport','SFB',159),(452,'Northwest Florida Beaches International Airport','ECP',160),(453,'Raleigh-Durham International Airport','RDU',161),(454,'Sarasota-Bradenton International Airport','SRQ',162),(455,'St. Petersburg-Clearwater International Airport','PIE',163),(456,'Tallahassee International Airport','TLH',164),(457,'Tampa International Airport','TPA',165),(458,'Ronald Reagan Washington National Airport','DCA',166),(459,'Washington Dulles International Airport','IAD',167),(460,'Palm Beach International Airport','PBI',168),(461,'Des Moines International Airport','DSM',169),(462,'Kansas City International Airport','MCI',170),(463,'Minneapolis-Saint Paul International Airport','MSP',171),(464,'Eppley Airfield','OMA',172),(465,'Lambert-Saint Louis International Airport','STL',173),(466,'Austin-Bergstrom International Airport','AUS',174),(467,'Dallas/Fort Worth International Airport','DFW',175),(468,'George Bush Intercontinental Airport','IAH',176),(469,'William P. Hobby Airport','HOU',176),(470,'Louis Armstrong New Orleans International Airport','MSY',178),(471,'San Antonio International Airport','SAT',179),(472,'Carrasco International Airport','MVD',658),(473,'Capitan Corbeta CA Curbelo International Airport','PDP',659),(474,'Sim├│n Bol├¡var International Airport','CCS',660),(475,'La Chinita International Airport','MAR',661),(476,'Arturo Michelena International Airport','VLN',338),(477,'Arturo Michelena International Airport','VLN',662),(478,'Hamid Karzai International Airport','KBL',663),(479,'Herat International Airport','HEA',664),(480,'Kandahar International Airport','KDH',665),(481,'Mazar-e Sharif International Airport','MZR',666),(482,'Zvartnots International Airport','EVN',667),(483,'Shirak Airport','LWN',668),(484,'Heydar Aliyev International Airport','GYD',669),(485,'Ganja International Airport','KVD',670),(486,'Nakhchivan Airport','NAJ',671),(487,'Qabala International Airport','GBB',672),(488,'Lankaran International Airport','LLK',673),(489,'Bahrain International Airport','BAH',674),(490,'Shah Amanat International Airport','CGP',675),(491,'Hazrat Shahjalal International Airport','DAC',676),(492,'Osmani International Airport','ZYL',677),(493,'Paro Airport','PBH',678),(494,'Brunei International Airport','BWN',679),(495,'Phnom Penh International Airport','PNH',680),(496,'Siem Reap-Angkor International Airport','REP',681),(497,'Sihanoukville International Airport','KOS',682),(498,'Changzhou Benniu Airport','CZX',683),(499,'Fuzhou Changle International Airport','FOC',684),(500,'Hangzhou Xiaoshan International Airport','HGH',685),(501,'Hefei Xinqiao International Airport','HFE',686),(502,'Jinan Yaoqiang International Airport','TNA',687),(503,'Nanchang Changbei International Airport','KHN',688),(504,'Nanjing Lukou International Airport','NKG',689),(505,'Nantong Xingdong Airport','NTG',690),(506,'Ningbo Lishe International Airport','NGB',691),(507,'Qingdao liuting International Airport','TAO',692),(508,'Quanzhou Jinjiang International Airport','JJN',693),(509,'Shanghai Hongqiao International Airport','SHA',694),(510,'Shanghai Hongqiao International Airport','SHA',695),(511,'Shanghai Pudong International Airport','PVG',694),(512,'Shanghai Pudong International Airport','PVG',695),(513,'Sunan Shuofang International Airport','WUX',696),(514,'Weihai International Airport','WEH',697),(515,'Wenzhou Yongqiang Airport','WNZ',698),(516,'Xiamen Gaoqi International Airport','XMN',699),(517,'Xuzhou Guanyin Airport','XUZ',700),(518,'Yancheng Nanyang Airport','YNZ',701),(519,'Yantai Penglai International Airport','YNT',702),(520,'Zhoushan Putuoshan Airport','HSN',703),(521,'Changchun Longjia International Airport','CGQ',704),(522,'Dandong Langtou Airport','DDG',705),(523,'Dalian Zhoushuizi International Airport','DLC',706),(524,'Harbin Taiping International Airport','HRB',707),(525,'Mudanjiang Airport','MDG',708),(526,'Shenyang Taoxian International Airport','SHE',709),(527,'Yanji Airport','YNJ',710),(528,'Beijing Capital International Airport','PEK',711),(529,'Beijing Capital International Airport','PEK',712),(530,'Beijing Nanyuan Airport','NAY',711),(531,'Beijing Nanyuan Airport','NAY',712),(532,'Shijiazhuang Zhengding International Airport','SJW',713),(533,'Taiyuan Wusu International Airport','TYN',714),(534,'Tianjin Binhai International Airport','TSN',715),(535,'Dunhuang Airport','DNH',716),(536,'Lanzhou Zhongchuan International Airport','LHW',717),(537,'Tianshui Airport','THQ',718),(538,'├£r├╝mqi Diwopu International Airport','URC',719),(539,'Xi\'an Xianyang International Airport','XIY',720),(540,'Xining Caojiabao Airport','XNN',721),(541,'Yinchuan Hedong International Airport','INC',722),(542,'Zhangye Ganzhou Airport','YZY',723),(543,'Beihai Fucheng Airport','BHY',724),(544,'Changsha Huanghua International Airport','CSX',725),(545,'Guangzhou Baiyun International Airport','CAN',726),(546,'Guilin Liangjiang International Airport','KWL',727),(547,'Haikou Meilan International Airport','HAK',728),(548,'Huizhou Pingtan Airport','HUZ',729),(549,'Jieyang Chaoshan International Airport','SWA',730),(550,'Liuzhou Bailian Airport','LZH',731),(551,'Luoyang Beijiao Airport','LYA',732),(552,'Nanning Wuxu International Airport','NNG',733),(553,'Sanya Phoenix International Airport','SYX',734),(554,'Shenzhen Bao\'an International Airport','SZX',735),(555,'Wuhan Tianhe International Airport','WUH',736),(556,'Xiangyang Airport','XFN',737),(557,'Zhangjiajie Hehua Airport','DYG',738),(558,'Zhengzhou Xinzheng International Airport','CGO',739),(559,'Zhuhai Jinwan Airport','ZUH',740),(560,'Chengdu Shuangliu International Airport','CTU',741),(561,'Chongqing Jiangbei International Airport','CKG',742),(562,'Guiyang Longdongbao Airport','KWE',743),(563,'Kunming Changshui International Airport','KMG',744),(564,'Lhasa Gonggar Airport','LXA',745),(565,'Mianyang Nanjiao Airport','MIG',746),(566,'Xichang Qingshan Airport','XIC',747),(567,'Presidente Nicolau Lobato International Airport','DIL',748),(568,'Batumi International Airport','BUS',749),(569,'Kutaisi International Airport','KUT',750),(570,'Tbilisi International Airport','TBS',751),(571,'Hong Kong International Airport','HKG',752),(572,'Veer Savarkar International Airport','IXZ',753),(573,'Sardar Vallabhbhai Patel International Airport','AMD',754),(574,'Sri Guru Ram Dass Jee International Airport','ATQ',755),(575,'Agatti Airport','AGX',756),(576,'Lengpui Airport','AJL',757),(577,'Kempegowda International Airport','BLR',758),(578,'Raja Bhoj International Airport','BHO',759),(579,'Biju Patnaik International Airport','BBI',760),(580,'Chandigarh International Airport','IXC',761),(581,'Chennai International Airport','MAA',762),(582,'Chennai International Airport','MAA',763),(583,'New Chennai International Airport','NMA',762),(584,'New Chennai International Airport','NMA',763),(585,'Cochin International Airport','COK',764),(586,'Coimbatore International Airport','CJB',765),(587,'Daman Airport','NMA',766),(588,'Dimapur Airport','DMU',767),(589,'Indira Gandhi International Airport','DEL',768),(590,'Jolly Grant Airport','DED',769),(591,'Dholera International Airport','DHR',770),(592,'Ram Lala International Airport','FZD',771),(593,'Pakyong Airport','PAS',772),(594,'Karnal Airport','KBS',773),(595,'Goa International Airport','GOI',774),(596,'Goa International Airport','GOI',775),(597,'Mopa Airport','MGI',774),(598,'Mopa Airport','MGI',775),(599,'Gaya International Airport','GAY',776),(600,'Lokpriya Gopinath Bordoloi International Airport','GAU',777),(601,'Rajiv Gandhi International Airport','HYD',778),(602,'Imphal International Airport','IMF',779),(603,'Devi Ahilya Bai Holkar International Airport','IXR',780),(604,'Jaipur International Airport','JAI',781),(605,'Kannur International Airport','CNN',782),(606,'Netaji Subhash Chandra Bose International Airport','CCU',783),(607,'Calicut International Airport','CCJ',784),(608,'Kullu Manali International Airport','KTM',785),(609,'Chaudhary Charan Singh International Airport','LKO',786),(610,'Madurai International Airport','IXM',787),(611,'Mangalore International Airport','IXE',788),(612,'Chhatrapati Shivaji International Airport','BOM',789),(613,'Mysore International Airport','MLE',790),(614,'Dr. Babasaheb Ambedkar International Airport','NAG',791),(615,'Navi Mumbai International Airport','NMA',792),(616,'Captain Lakshmi Sehgal International Airport','KPR',793),(617,'Veer Savarkar International Airport','IXZ',794),(618,'Jay Prakash Narayan International Airport','PAT',795),(619,'Pune International Airport','PNQ',796),(620,'Pune International Airport','PNQ',797),(621,'Chhatrapati Sambhaji Raje International Airport','CRA',796),(622,'Chhatrapati Sambhaji Raje International Airport','CRA',797),(623,'Swami Vivekananda Airport','RPR',798),(624,'Birsa Munda Airport','IXR',799),(625,'Bagdogra International Airport','IXB',800),(626,'Shillong Airport','SHL',801),(627,'Shimla Airport','SLV',802),(628,'Srinagar Airport','SXR',803),(629,'Tiruchirappalli International Airport','TRZ',804),(630,'Tirupati Airport','TIR',805),(631,'Trivandrum International Airport','TRV',806),(632,'Lal Bahadur Shastri International Airport','VNS',807),(633,'Nandamuri Taraka Rama Rao-Amaravati International Airport','VGA',808),(634,'Visakhapatnam Airport','VTZ',809),(635,'Vadodara Airport','BDQ',810),(636,'Hasanuddin International Airport','UPG',811),(637,'Sam Ratulangi International Airport','MDC',812),(638,'Lombok International Airport','LOP',813),(639,'Kuala Namu International Airport','KNO',814),(640,'Minangkabau International Airport','PDG',815),(641,'Sultan Mahmud Badaruddin II Airport','PLM',816),(642,'Sultan Syarif Qasim II International Airport','PKU',817),(643,'Samarinda International Airport','SRI',818),(644,'Achmad Yani International Airport','SRG',819),(645,'Juanda International Airport','SUB',820),(646,'Adisumarmo International Airport','SOC',821),(647,'Adisucipto International Airport','JOG',822),(648,'Soekarno Hatta International Airport','CGK',823),(649,'Ngurah Rai International Airport','DPS',824),(650,'Husein Sastranegara International Airport','BDO',825),(651,'Sultan Aji Muhammad Sulaiman Airport','BPN',826),(652,'Pattimura Airport','AMQ',827),(653,'Tjilik Riwut Airport','PKY',828),(654,'Sentani Airport','DJJ',829),(655,'Syamsudin Noor Airport','BDJ',830),(656,'El Tari Airport','KOE',831),(657,'Mutiara Airport','PLW',832),(658,'Haluoleo Airport','KDI',833),(659,'Bandar Abbas International Airport','BND',834),(660,'Birjand International Airport','XBJ',835),(661,'Isfahan International Airport','IFN',836),(662,'Kish Airport','KIH',837),(663,'Mashhad International Airport','MHD',838),(664,'Mehrabad International Airport','THR',839),(665,'Dayrestan Airport','GSM',840),(666,'Shiraz International Airport','SYZ',841),(667,'Tabriz International Airport','TBZ',842),(668,'Tehran Imam Khomeini International Airport','IKA',843),(669,'Al Najaf International Airport','NJF',844),(670,'Baghdad International Airport','BGW',845),(671,'Basra International Airport','BSR',846),(672,'Erbil International Airport','EBL',847),(673,'Mosul International Airport','OSM',848),(674,'Sulaimaniyah International Airport','ISU',849),(675,'Diyala International Airport','BGW',850),(676,'Ramon Airport','ETM',851),(677,'Haifa Airport','HFA',852),(678,'Ovda International Airport','VDA',853),(679,'Ben Gurion Airport','TLV',854),(680,'Akita Airport','AXT',180),(681,'Aomori Airport','AOJ',181),(682,'Fukuoka Airport','FUK',182),(683,'Hakodate Airport','HKD',183),(684,'Kagoshima Airport','KOJ',184),(685,'Komatsu Airport','KMQ',185),(686,'Hiroshima Airport','HIJ',186),(687,'New Kitakyushu Airport','KKJ',187),(688,'Nagasaki Airport','NGS',188),(689,'Chubu Centrair International Airport','NGO',189),(690,'Niigata Airport','KIJ',190),(691,'Oita Airport','OIT',191),(692,'Okayama Airport','OKJ',192),(693,'Kansai International Airport','KIX',193),(694,'New Chitose Airport','CTS',194),(695,'Sendai Airport','SDJ',195),(696,'Shizuoka Airport','FSZ',196),(697,'Haneda International Airport','HND',197),(698,'Narita International Airport','NRT',197),(699,'King Hussein International Airport','AQJ',855),(700,'Queen Alia International Airport','AMM',856),(701,'Queen Alia International Airport','AMM',857),(702,'Amman Civil Airport','ADJ',856),(703,'Amman Civil Airport','ADJ',857),(704,'Aktau Airport','SCO',858),(705,'Almaty International Airport','ALA',859),(706,'Astana International Airport','TSE',860),(707,'Atyrau Airport','GUW',861),(708,'Karaganda Airport','KGF',862),(709,'Kostanay Airport','KSN',863),(710,'Shymkent Airport','CIT',864),(711,'Oral Ak Zhol Airport','URA',865),(712,'Kuwait International Airport','KWI',866),(713,'Manas Airport','FRU',867),(714,'Osh Airport','OSS',868),(715,'Luang Prabang International Airport','LPQ',869),(716,'Pakse International Airport','PKZ',870),(717,'Wattay International Airport','VTE',871),(718,'Beirut Rafic Hariri International Airport','BEY',872),(719,'Macau International Airport','MFM',873),(720,'Sultan Azlan Shah Airport','IPH',874),(721,'Senai International Airport','JHB',875),(722,'Sultan Ismail Petra Airport','KBR',876),(723,'Kota Kinabalu International Airport','BKI',877),(724,'Kuala Lumpur International Airport','KUL',878),(725,'Kuching International Airport','KCH',879),(726,'Langkawi International Airport','LGK',880),(727,'Penang International Airport','PEN',881),(728,'Sultan Abdul Aziz Shah Airport','SZB',882),(729,'Velana International Airport','MLE',883),(730,'Gan International Airport','GAN',884),(731,'Chinggis Khaan International Airport','ULN',885),(732,'Mandalay International Airport','MDL',886),(733,'Yangon International Airport','RGN',887),(734,'Naypyidaw Airport','NYT',888),(735,'Gautama Buddha International Airport','KNR',889),(736,'Tribhuvan International Airport','KTM',890),(737,'Gautam Buddha Airport','BWA',891),(738,'Pyongyang Sunan International Airport','FNJ',892),(739,'Muscat International Airport','MCT',893),(740,'Bahawalpur Airport','BHV',894),(741,'Dera Ghazi Khan International Airport','DEA',895),(742,'Faisalabad International Airport','LYP',896),(743,'Gwadar International Airport','GWD',897),(744,'Benazir Bhutto International Airport','ISB',898),(745,'Jinnah International Airport','KHI',899),(746,'Allama Iqbal International Airport','LHE',900),(747,'Multan International Airport','MUX',901),(748,'Bacha Khan International Airport','PEW',902),(749,'Quetta International Airport','UET',903),(750,'Shaikh Zayed International Airport','RYK',904),(751,'Sialkot International Airport','SKT',905),(752,'Turbat International Airport','TUK',906),(753,'BacolodÔÇôSilay International Airport','BCD',907),(754,'MactanÔÇôCebu International Airport','CEB',908),(755,'Clark International Airport','CRK',909),(756,'Francisco Bangoy International Airport','DVO',910),(757,'General Santos International Airport','GES',911),(758,'Iloilo International Airport','ILO',912),(759,'Kalibo International Airport','KLO',913),(760,'Laoag International Airport','LAO',914),(761,'Ninoy Aquino International Airport','MNL',915),(762,'Panglao Island International Airport','TAG',916),(763,'Puerto Princesa International Airport','PPS',917),(764,'Subic Bay International Airport','SFS',918),(765,'Zamboanga International Airport','ZAM',919),(766,'Hamad International Airport','DOH',920),(767,'King Fahd International Airport','DMM',921),(768,'King Abdulaziz International Airport','JED',922),(769,'Prince Mohammad Bin Abdulaziz International Airport','MED',923),(770,'King Khalid International Airport','RUH',924),(771,'Singapore Changi Airport','SIN',925),(772,'Gimhae International Airport','PUS',926),(773,'Daegu Airport','TAE',927),(774,'Jeju International Airport','CJU',928),(775,'Gimpo International Airport','GMP',929),(776,'Incheon International Airport','ICN',930),(777,'Cheongju International Airport','CJJ',931),(778,'Muan International Airport','MWX',932),(779,'Yangyang International Airport','YNY',933),(780,'Bandaranaike International Airport','CMB',934),(781,'Mattala Rajapaksa International Airport','HRi',935),(782,'Aleppo International Airport','ALP',936),(783,'Damascus International Airport','DAM',937),(784,'Bassel Al-Assad International Airport','LTK',938),(785,'Kaohsiung International Airport','KHH',939),(786,'Taichung International Airport','RMQ',940),(787,'Taipei Songshan Airport','TSA',941),(788,'Taiwan Taoyuan International Airport','TPE',942),(789,'Dushanbe Airport','DYU',943),(790,'Khujand Airport','LBD',944),(791,'Suvarnabhumi Airport','BKK',945),(792,'Suvarnabhumi Airport','BKK',946),(793,'Don Mueang International Airport','DMK',945),(794,'Don Mueang International Airport','DMK',946),(795,'Chiang Mai International Airport','CNX',947),(796,'Mae Fah Luang International Airport','CEI',948),(797,'U-Tapao International Airport','UTP',949),(798,'Hat Yai International Airport','HDY',950),(799,'Krabi Airport','KBV',951),(800,'Phuket International Airport','HKT',952),(801,'Surat Thani Airport','URT',953),(802,'Samui Airport','USM',954),(803,'Udon Thani International Airport','UTH',955),(804,'Ashgabat Airport','ASB',956),(805,'Mary International Airport','MYP',957),(806,'Turkmenbashi International Airport','KRW',958),(807,'Abu Dhabi International Airport','AUH',959),(808,'Al Ain International Airport','AAN',960),(809,'Al-Maktoum International Airport','DWC',961),(810,'Al-Maktoum International Airport','DWC',962),(811,'Dubai International Airport','DXB',961),(812,'Dubai International Airport','DXB',962),(813,'Ras Al Khaimah International Airport','RKT',963),(814,'Sharjah International Airport','SHJ',964),(815,'Namangan Airport','NMA',965),(816,'Tashkent International Airport','TAS',966),(817,'Da Nang International Airport','DAD',967),(818,'Noi Bai International Airport','HAN',968),(819,'Tan Son Nhat International Airport','SGN',969),(820,'Can Tho International Airport','VCA',970),(821,'Cat Bi International Airport','HPH',971),(822,'Phu Bai International Airport','HUI',972),(823,'Phu Quoc International Airport','PQC',973),(824,'Cam Ranh International Airport','CXR',974),(825,'Chu Lai International Airport','VCL',975),(826,'Aden International Airport','ADE',976),(827,'Sana\'a International Airport','SAH',977),(828,'Seiyun Airport','GXF',978),(829,'Tirana International Airport N├½n├½ Tereza','TIA',979),(830,'Graz Airport','GRZ',980),(831,'Klagenfurt Airport','KLU',981),(832,'Innsbruck Airport','INN',982),(833,'Linz Airport','LNZ',983),(834,'Salzburg Airport','SZG',984),(835,'Vienna International Airport','VIE',985),(836,'Hrodna Airport','GNA',986),(837,'Gomel Airport','GME',987),(838,'Minsk International Airport','MSQ',988),(839,'Antwerp International Airport','ANR',989),(840,'Brussels Airport','BRU',990),(841,'Brussels South Charleroi Airport','CRL',991),(842,'Li├¿ge Airport','LGG',992),(843,'Ostend-Bruges International Airport','OST',993),(844,'Banja Luka International Airport','BNX',994),(845,'Sarajevo International Airport','SJJ',995),(846,'Tuzla International Airport','TZL',996),(847,'Mostar International Airport','OMO',997),(848,'Burgas Airport','BOJ',998),(849,'Plovdiv Airport','PDV',999),(850,'Sofia Airport','SOF',1000),(851,'Varna Airport','VAR',1001),(852,'Dubrovnik Airport','DBV',1002),(853,'Franjo Tu─æman','ZAG',1003),(854,'Osijek Airport','OSI',1004),(855,'Pula Airport','PUY',1005),(856,'Rijeka Airport','RJK',1006),(857,'Split Airport','SPU',1007),(858,'Zadar Airport','ZAD',1008),(859,'Larnaca International Airport','LCA',1009),(860,'Paphos International Airport','PFO',1010),(861,'Ercan International Airport','ECN',1011),(862,'BrnoÔÇôTu┼Öany','BRQ',1012),(863,'Karlovy Vary Airport','KLV',1013),(864,'Leo┼í Jan├í─ìek','OSR',1014),(865,'Prague V├íclav Havel Airport','PRG',1015),(866,'Pardubice Airport','PED',1016),(867,'Aalborg Airport','AAL',1017),(868,'Aarhus Airport','AAR',1018),(869,'Billund Airport','BLL',1019),(870,'Copenhagen Airport','CPH',1020),(871,'Lennart Meri Tallinn Airport','TLL',1021),(872,'Tartu Airport','TAY',1022),(873,'V├ígar Airport','FAE',1023),(874,'Mariehamn Airport┬á(├àland)','MHQ',1024),(875,'Helsinki-Vantaa Airport','HEL',1025),(876,'Kittil├ñ Airport','KTT',1026),(877,'Kuopio Airport','KUO',1027),(878,'Kuusamo Airport','KAO',1028),(879,'Lappeenranta Airport','LPP',1029),(880,'Oulu Airport','OUL',1030),(881,'Rovaniemi Airport','RVN',1031),(882,'Tampere-Pirkkala Airport','TMP',1032),(883,'Turku Airport','TKU',1033),(884,'Vaasa Airport','VAA',1034),(885,'Charles de Gaulle Airport','CDG',199),(886,'Charles de Gaulle Airport','CDG',200),(887,'Orly Airport','ORY',199),(888,'Orly Airport','ORY',200),(889,'Tours Loire Valley Airport','TUF',201),(890,'Ch├ólons Vatry Airport','XCR',202),(891,'Chamb├®ry-Savoie Airport','CMF',203),(892,'Grenoble-Is├¿re Airport','GNB',204),(893,'Saint-Exup├®ry Airport','LYS',205),(894,'Basel-Mulhouse-Freiburg Airport','BSL',206),(895,'Bouth├®on Airport','EBU',207),(896,'Strasbourg Airport','SXB',208),(897,'Beauvais-Till├® Airport','BVA',209),(898,'Lille Lesquin Airport','LIL',210),(899,'B├®ziers Cap d\'Agde Airport','BZR',211),(900,'Salvaza Airport','CCF',212),(901,'Provence Airport','MRS',213),(902,'C├┤te d\'Azur Airport','NCE',214),(903,'Garons Airport','FNI',215),(904,'Llaban├¿re Airport','PGF',216),(905,'Marcillac Airport','RDZ',217),(906,'Hy├¿res Le Palyvestre Airport','TLN',218),(907,'Blagnac Airport','TLS',219),(908,'Bergerac-Roumani├¿re Airport','EGC',220),(909,'Biarritz Airport','BIQ',221),(910,'M├®rignac Airport','BOD',222),(911,'Brest Bretagne Airport','BES',223),(912,'Pleurtuit Airport','DNR',224),(913,'├Äle de R├® Airport','LRH',225),(914,'Bellegarde Airport','LIG',226),(915,'Nantes Atlantique Airport','NTE',227),(916,'Uzein Airport','PUF',228),(917,'Biard Airport','PIS',229),(918,'Campo dell\'Oro Airport','AJA',230),(919,'Poretta Airport','BIA',231),(920,'Figari Sud-Corse Airport','FSC',232),(921,'Berlin Tegel Airport','TXL',1035),(922,'Berlin Tegel Airport','TXL',1036),(923,'Berlin Tegel Airport','TXL',1037),(924,'Berlin Sch├Ânefeld Airport','SXF',1035),(925,'Berlin Sch├Ânefeld Airport','SXF',1036),(926,'Berlin Sch├Ânefeld Airport','SXF',1037),(927,'Berlin Brandenburg Airport┬á(Future)','BER',1035),(928,'Berlin Brandenburg Airport┬á(Future)','BER',1036),(929,'Berlin Brandenburg Airport┬á(Future)','BER',1037),(930,'Leipzig/Halle Airport','LEJ',1038),(931,'Bremen Airport','BRE',1039),(932,'Hamburg Airport','HAM',1040),(933,'Langenhagen Airport','HAJ',1041),(934,'L├╝beck Airport','LBC',1042),(935,'EuroAirport BaselÔÇôMulhouseÔÇôFreiburg','MLH',1043),(936,'Friedrichshafen Airport','FDH',1044),(937,'Stuttgart Airport','STR',1045),(938,'Memmingen Airport','FMM',1046),(939,'Munich Airport','MUC',1047),(940,'Albrecht D├╝rer Airport','NUE',1048),(941,'Karlsruhe/Baden-Baden Airport','FKB',1049),(942,'Frankfurt Airport','FRA',1050),(943,'Frankfurt Airport','FRA',1051),(944,'Frankfurt-Hahn Airport','HHN',1050),(945,'Frankfurt-Hahn Airport','HHN',1051),(946,'Cologne/Bonn Airport','CGN',1052),(947,'Dortmund Airport','DTM',1053),(948,'Dusseldorf Airport','DUS',1054),(949,'Weeze Airport','NRN',1055),(950,'North Front Airport','GIB',1056),(951,'Athens International Airport','ATH',1057),(952,'Chania International Airport','CHQ',1058),(953,'Chios Island National Airport','JKH',1059),(954,'Ioannis Kapodistrias Airport','CFU',1060),(955,'Heraklion International Airport','HER',1061),(956,'Kalamata International Airport','KLX',1062),(957,'Karpathos Island National Airport','AOK',1063),(958,'Kavala International Airport','KVA',1064),(959,'Kefalonia Island International Airport','EFL',1065),(960,'Kos Island International Airport','KGS',1066),(961,'Mykonos Island National Airport','JMK',1067),(962,'Mytilene International Airport','MJT',1068),(963,'Aktion National Airport','PVK',1069),(964,'Rhodes International Airport','RHO',1070),(965,'Samos International Airport','SMI',1071),(966,'Santorini (Thira) National Airport','JTR',1072),(967,'Skiathos Island National Airport','JSI',1073),(968,'Skyros Island National Airport','SKU',1074),(969,'Thessaloniki International Airport','SKG',1075),(970,'Nea Anchialos National Airport','VOL',1076),(971,'Zakynthos International Airport','ZTH',1077),(972,'Guernsey Airport','GCI',1078),(973,'Budapest Ferenc Liszt International Airport','BUD',1079),(974,'Debrecen International Airport','DEB',1080),(975,'H├®v├¡z-Balaton Airport','SOB',1081),(976,'Gy┼ær-P├®r International','QGY',1082),(977,'P├®cs-Pog├íny International Airport','QPJ',1083),(978,'Akureyri Airport','AEY',1084),(979,'Keflavik International Airport','KEF',1085),(980,'Keflavik International Airport','KEF',1086),(981,'Reykjavik Airport','RKV',1085),(982,'Reykjavik Airport','RKV',1086),(983,'Cork Airport','ORK',1087),(984,'Dublin Airport','DUB',1088),(985,'Kerry Airport','KIR',1089),(986,'Ireland West Airport Knock','NOC',1090),(987,'Shannon Airport','SNN',1091),(988,'Isle of Man Airport','IOM',1092),(989,'Ancona Airport','AOI',233),(990,'Peretola Airport','FLR',234),(991,'San Egidio Airport','PEG',235),(992,'Galileo Galilei Airport','PSA',236),(993,'Leonardo da Vinci-Fiumicino Airport','FCO',237),(994,'Leonardo da Vinci-Fiumicino Airport','FCO',238),(995,'Rome Ciampino Airport','CIA',237),(996,'Rome Ciampino Airport','CIA',238),(997,'Fertilia Airport','AHO',239),(998,'Cagliari Airport','CAG',240),(999,'Fontanarossa Airport','CTA',241),(1000,'Costa Smeralda Airport','OLB',242),(1001,'Palermo Airport','PMO',243),(1002,'Vincenzo Florio Airport','TPS',244),(1003,'Bologna Airport','BLQ',245),(1004,'Federico Fellini Airport','RMI',246),(1005,'Friuli Venezia Giulia Airport','TRS',247),(1006,'Venice Marco Polo Airport','VCE',248),(1007,'Verona Airport','VRN',249),(1008,'Orio al Serio Airport','BGY',250),(1009,'Brescia Airport','VBS',251),(1010,'Cuneo Levaldigi Airport','CUF',252),(1011,'Cristoforo Colombo Airport','GOA',253),(1012,'Linate Airport','LIN',254),(1013,'Linate Airport','LIN',255),(1014,'Malpensa Airport','MXP',254),(1015,'Malpensa Airport','MXP',255),(1016,'Caselle Airport','TRN',256),(1017,'Lamezia Terme Airport','SUF',257),(1018,'Capodichino Airport','NAP',258),(1019,'Palese Airport','BRI',259),(1020,'Brindisi Airport','BDS',260),(1021,'Abruzzo Airport','PSR',261),(1022,'Jersey Airport','JER',1093),(1023,'Pristina International Airport','PRN',1094),(1024,'Riga International Airport','RIX',1095),(1025,'Ventspils International Airport','VNT',1096),(1026,'Kaunas Airport','KUN',1097),(1027,'Palanga International Airport','PLQ',1098),(1028,'┼áiauliai International Airport','SQQ',1099),(1029,'Vilnius International Airport','VNO',1100),(1030,'Findel Airport','LUX',1101),(1031,'Ohrid St. Paul the Apostle Airport','OHD',1102),(1032,'Skopje Alexander the Great Airport','SKP',1103),(1033,'Malta International Airport','MLA',1104),(1034,'Chi╚Öin─âu International','KIV',1105),(1035,'Podgorica Airport','TGD',1106),(1036,'Tivat Airport','TIV',1107),(1037,'Amsterdam Airport Schiphol','AMS',1108),(1038,'Eindhoven Airport','EIN',1109),(1039,'Groningen Airport Eelde','GRQ',1110),(1040,'Maastricht-Aachen Airport','MST',1111),(1041,'Rotterdam The Hague Airport','RTM',1112),(1042,'Belfast International Airport','BFS',1113),(1043,'Belfast International Airport','BFS',1114),(1044,'George Best Belfast City Airport','BHD',1113),(1045,'George Best Belfast City Airport','BHD',1114),(1046,'City of Derry Airport','LDY',1115),(1047,'├àlesund Airport','AES',1116),(1048,'Bergen Airport','BGO',1117),(1049,'Bod├© Airport','BOO',1118),(1050,'Haugesund Airport','HAU',1119),(1051,'Kristiansand Airport, Kjevik','KRS',1120),(1052,'Kristiansund Airport, Kvernberget','KSU',1121),(1053,'Oslo Airport-Gardermoen','OSL',1122),(1054,'Oslo Airport-Gardermoen','OSL',1123),(1055,'Oslo Airport-Gardermoen','OSL',1124),(1056,'Moss Airport','RYG',1122),(1057,'Moss Airport','RYG',1123),(1058,'Moss Airport','RYG',1124),(1059,'Sandefjord Airport','TRF',1122),(1060,'Sandefjord Airport','TRF',1123),(1061,'Sandefjord Airport','TRF',1124),(1062,'Stavanger Airport','SVG',1125),(1063,'Troms├© Airport','TOS',1126),(1064,'Trondheim Airport','TRD',1127),(1065,'Bydgoszcz Ignacy Jan Paderewski Airport','BZG',1128),(1066,'Gda┼äsk Lech Wa┼é─Ösa','GDN',1129),(1067,'Katowice International Airport','KTW',1130),(1068,'John Paul II International Airport Krak├│w-Balice','KRK',1131),(1069,'Lublin Airport','LUZ',1132),(1070,'┼ü├│d┼║ W┼éadys┼éaw Reymont','LCJ',1133),(1071,'Pozna┼ä-┼üawica','POZ',1134),(1072,'Rzesz├│w-Jasionka Airport','RZE',1135),(1073,'Szczecin-Goleni├│w \'Solidarno┼ø─ç\'','SZZ',1136),(1074,'Fr├®d├®ric Chopin Airport','WAW',1137),(1075,'Fr├®d├®ric Chopin Airport','WAW',1138),(1076,'Modlin Airport','WMI',1137),(1077,'Modlin Airport','WMI',1138),(1078,'Copernicus Wroc┼éaw','WRO',1139),(1079,'Beja Airport','BYJ',1140),(1080,'Faro Airport','FAO',1141),(1081,'Madeira Airport','FNC',1142),(1082,'Porto Santo Airport','PXO',1143),(1083,'Lisbon Portela Airport','LIS',1144),(1084,'Francisco S├í Carneiro Airport','OPO',1145),(1085,'Jo├úo Paulo II Airport','PDL',1146),(1086,'Terceira Airport','TER',1147),(1087,'Henri Coanda International Airport','OTP',1148),(1088,'Cluj-Napoca International Airport','CLJ',1149),(1089,'Mihail Kog─âlniceanu International','CND',1150),(1090,'Ia╚Öi International','IAS',1151),(1091,'Oradea International Airport','OMR',1152),(1092,'Sibiu International Airport','SBZ',1153),(1093,'Traian Vuia International Airport','TSR',1154),(1094,'Belgorod International Airport','EGO',262),(1095,'Kursk Vostochny Airport','URS',263),(1096,'Voronezh International Airport','VOZ',264),(1097,'Khrabrovo Airport','KGD',265),(1098,'Talagi Airport','ARH',266),(1099,'Murmansk Airport','MMK',267),(1100,'Petrozavodsk Airport','PES',268),(1101,'Syktyvkar Airport','SCW',269),(1102,'Cherepovets Airport','CEE',270),(1103,'Pskov Airport','PKV',271),(1104,'Pulkovo Airport','LED',272),(1105,'Abakan International Airport','ABA',273),(1106,'Bratsk Airport','BTK',274),(1107,'Kadala Airport','HTA',275),(1108,'Irkutsk Airport','IKT',276),(1109,'Baikal International Airport','UUD',277),(1110,'Barnaul Airport','BAX',278),(1111,'Spichenkovo Airport','NOZ',279),(1112,'Tolmachevo Airport','OVB',280),(1113,'Omsk Tsentralny Airport','OMS',281),(1114,'Bogashevo Airport','TOF',282),(1115,'Roshchino International Airport','TJM',283),(1116,'Cheboksary Airport','CSY',284),(1117,'Strigino Airport','GOJ',285),(1118,'Bryansk International Airport','BZK',286),(1119,'Domodedovo International Airport','DME',287),(1120,'Domodedovo International Airport','DME',288),(1121,'Domodedovo International Airport','DME',289),(1122,'Sheremetyevo International Airport','SVO',287),(1123,'Sheremetyevo International Airport','SVO',288),(1124,'Sheremetyevo International Airport','SVO',289),(1125,'Vnukovo Airport','VKO',287),(1126,'Vnukovo Airport','VKO',288),(1127,'Vnukovo Airport','VKO',289),(1128,'Tunoshna Airport','IAR',290),(1129,'Ugolny Airport','DYR',291),(1130,'Ignatyevo Airport','BQS',292),(1131,'Khabarovsk Novy Airport','KHV',293),(1132,'Komsomolsk-on-Amur Airport','KXK',294),(1133,'Pashkovsky Airport','KRR',295),(1134,'Yemelyanovo International Airport','KJA',296),(1135,'Sokol Airport','GDX',297),(1136,'Provideniya Bay Airport','PVS',298),(1137,'Yelizovo Airport','PKC',299),(1138,'Vladivostok International Airport','VVO',300),(1139,'Yakutsk Airport','YKS',301),(1140,'Yuzhno-Sakhalinsk Airport','UUS',302),(1141,'Anapa Airport','AAQ',303),(1142,'Grozny Airport','GRV',304),(1143,'Uytash Airport','MCX',305),(1144,'Mineralnye Vody Airport','MRV',306),(1145,'Nalchik Airport','NAL',307),(1146,'Rostov-na-Donu Airport','ROV',308),(1147,'Sochi International Airport','AER',309),(1148,'Stavropol Shpakovskoye Airport','STW',310),(1149,'Beslan Airport','OGZ',311),(1150,'Chelyabinsk Airport','CEK',312),(1151,'Magnitogorsk International Airport','MQF',313),(1152,'Nizhnevartovsk Airport','NJC',314),(1153,'Orenburg Tsentralny Airport','REN',315),(1154,'Orsk Airport','OSW',316),(1155,'Perm International Airport','PEE',317),(1156,'Surgut International Airport','SGC',318),(1157,'Ufa International Airport','UFA',319),(1158,'Koltsovo International Airport','SVX',320),(1159,'Narimanovo Airport','ASF',321),(1160,'Elista Airport','ESL',322),(1161,'Kazan Airport','KZN',323),(1162,'Begishevo Airport','NBC',324),(1163,'Samara Kurumoch Airport','KUF',325),(1164,'Saratov Tsentralny Airport','RTW',326),(1165,'Ulyanovsk Vostochny Airport','ULY',327),(1166,'Volgograd International Airport','VOG',328),(1167,'Aberdeen Airport','ABZ',1155),(1168,'Edinburgh Airport','EDI',1156),(1169,'Glasgow International Airport','GLA',1157),(1170,'Glasgow International Airport','GLA',1158),(1171,'Glasgow Prestwick Airport','PIK',1157),(1172,'Glasgow Prestwick Airport','PIK',1158),(1173,'Inverness Airport','INV',1159),(1174,'Belgrade Nikola Tesla Airport','BEG',1160),(1175,'Ni┼í Constantine the Great Airport','INI',1161),(1176,'M. R. ┼átef├ínik Airport','BTS',1162),(1177,'Ko┼íice International Airport','KSC',1163),(1178,'Pie┼í┼Ñany','PZY',1164),(1179,'Poprad-Tatry Airport','TAT',1165),(1180,'Slia─ì','SLD',1166),(1181,'┼¢ilina Airport','ILZ',1167),(1182,'Ljubljana Jo┼¥e Pu─ìnik','LJU',1168),(1183,'Maribor Edvard Rusjan Airport','MBX',1169),(1184,'Portoro┼¥ Airport','POW',1170),(1185,'Barcelona Airport','BCN',329),(1186,'Girona-Costa Brava Airport','GRO',330),(1187,'Alguaire Airport','ILD',331),(1188,'Reus Airport','REU',332),(1189,'Huesca-Pirineos Airport','HSK',333),(1190,'Zaragoza Airport','ZAZ',334),(1191,'Valladolid Airport','VLL',335),(1192,'Madrid-Barajas Airport','MAD',336),(1193,'Alicante Airport','ALC',337),(1194,'Valencia Airport','VLC',338),(1195,'Valencia Airport','VLC',662),(1196,'Asturias Airport','OVD',339),(1197,'Santander Airport','SDR',340),(1198,'Alvedro Airport','LCG',341),(1199,'Santiago de Compostela Airport','SCQ',342),(1200,'Almer├¡a International Airport','LEI',343),(1201,'Granada Airport','GRX',344),(1202,'Jerez Airport','XRY',345),(1203,'Malaga Airport','AGP',346),(1204,'Seville Airport','SVQ',347),(1205,'Murcia-San Javier Airport','MJV',348),(1206,'Ibiza Airport','IBZ',349),(1207,'Menorca Airport','MAH',350),(1208,'Palma de Mallorca Airport','PMI',351),(1209,'Fuerteventura Airport','FUE',352),(1210,'Gran Canaria Airport','LPA',353),(1211,'La Palma Airport','SPC',354),(1212,'Lanzarote Airport','ACE',355),(1213,'Tenerife North Airport','TFN',356),(1214,'Tenerife South Airport','TFS',356),(1215,'Gothenburg City Airport','GSE',1171),(1216,'Gothenburg City Airport','GSE',1172),(1217,'G├Âteborg Landvetter Airport','GOT',1171),(1218,'G├Âteborg Landvetter Airport','GOT',1172),(1219,'Lule├Ñ Airport','LLA',1173),(1220,'Malm├Â Airport','MMX',1174),(1221,'Norrk├Âping Airport','NRK',1175),(1222,'├àre ├ûstersund Airport','OSD',1176),(1223,'Stockholm-Arlanda Airport','ARN',1177),(1224,'Stockholm-Arlanda Airport','ARN',1178),(1225,'Stockholm-Arlanda Airport','ARN',1179),(1226,'Stockholm-Arlanda Airport','ARN',1180),(1227,'Stockholm-Bromma Airport','BMA',1177),(1228,'Stockholm-Bromma Airport','BMA',1178),(1229,'Stockholm-Bromma Airport','BMA',1179),(1230,'Stockholm-Bromma Airport','BMA',1180),(1231,'Stockholm-Skavsta Airport','NYO',1177),(1232,'Stockholm-Skavsta Airport','NYO',1178),(1233,'Stockholm-Skavsta Airport','NYO',1179),(1234,'Stockholm-Skavsta Airport','NYO',1180),(1235,'Stockholm-V├ñster├Ñs Airport','VST',1177),(1236,'Stockholm-V├ñster├Ñs Airport','VST',1178),(1237,'Stockholm-V├ñster├Ñs Airport','VST',1179),(1238,'Stockholm-V├ñster├Ñs Airport','VST',1180),(1239,'Ume├Ñ Airport','UME',1181),(1240,'V├ñxj├Â Airport','VXO',1182),(1241,'Visby Airport','VBY',1183),(1242,'EuroAirport BaselÔÇôMulhouseÔÇôFreiburg','BSL',1184),(1243,'Bern-Belp Airport','BRN',1185),(1244,'Geneva International Airport','GVA',1186),(1245,'St. Gallen-Altenrhein Airport','ACH',1187),(1246,'Zurich Airport','ZRH',1188),(1247,'Adana ┼×akirpa┼ƒa','ADA',1189),(1248,'Esenbo─ƒa International','ESB',1190),(1249,'Antalya Airport','AYT',1191),(1250,'Milas-Bodrum Airport','BJV',1192),(1251,'Yeni┼ƒehir','YEI',1193),(1252,'Dalaman Airport','DLM',1194),(1253,'Gaziantep O─ƒuzeli','GZT',1195),(1254,'Atat├╝rk International Airport','IST',1196),(1255,'Atat├╝rk International Airport','IST',1197),(1256,'Sabiha G├Âk├ºen International Airport','SAW',1196),(1257,'Sabiha G├Âk├ºen International Airport','SAW',1197),(1258,'Adnan Menderes Airport','ADB',1198),(1259,'Erkilet Airport','ASR',1199),(1260,'Konya Airport','KYA',1200),(1261,'Zafer Airport','KZR',1201),(1262,'Erha├º Airport','MLX',1202),(1263,'Kapadokya Airport','NAV',1203),(1264,'Samsun-├çar┼ƒamba','SZF',1204),(1265,'Trabzon Airport','TZX',1205),(1266,'Zonguldak Airport','ONQ',1206),(1267,'Boryspil International Airport','KBP',1207),(1268,'Boryspil International Airport','KBP',1211),(1269,'Boryspil International Airport','KBP',1215),(1270,'Chernivtsi International Airport','CWC',1208),(1271,'Donetsk Airport','DOK',1209),(1272,'Dnipropetrovsk International Airport','DNK',1210),(1273,'Gostomel Airport┬á(cargo┬áonly, serving Kiev)','GML',1207),(1274,'Gostomel Airport┬á(cargo┬áonly, serving Kiev)','GML',1211),(1275,'Gostomel Airport┬á(cargo┬áonly, serving Kiev)','GML',1215),(1276,'Ivano-Frankivsk International Airport','IFO',1212),(1277,'Kharkiv International Airport','HRK',1213),(1278,'Kryvyi Rih International Airport','KWG',1214),(1279,'Kyiv Zhuliany International Airport','IEV',1207),(1280,'Kyiv Zhuliany International Airport','IEV',1211),(1281,'Kyiv Zhuliany International Airport','IEV',1215),(1282,'Luhansk International Airport','VSG',1216),(1283,'Lviv Danylo Halytskyi International Airport','LWO',1217),(1284,'Mykolaiv International Airport','NLV',1218),(1285,'Odessa International Airport','ODS',1219),(1286,'Simferopol International Airport','SIP',1220),(1287,'Zaporizhia International Airport','OZH',1221),(1288,'East Midlands Airport','EMA',358),(1289,'Birmingham International Airport','BHX',95),(1290,'Birmingham International Airport','BHX',359),(1291,'Durham Tees Valley Airport','MME',360),(1292,'Newcastle Airport','NCL',361),(1293,'Liverpool John Lennon Airport','LPL',362),(1294,'Manchester Airport','MAN',363),(1295,'Robin Hood Airport Doncaster Sheffield','DSA',364),(1296,'Leeds Bradford International Airport','LBA',365),(1297,'Norwich International Airport','NWI',366),(1298,'Southampton Airport','SOU',367),(1299,'Bournemouth Airport','BOH',368),(1300,'Bristol Airport','BRS',369),(1301,'Exeter International Airport','EXT',370),(1302,'Newquay Cornwall Airport','NQY',371),(1303,'London City Airport','LCY',372),(1304,'Gatwick Airport','LGW',372),(1305,'Heathrow Airport','LHR',372),(1306,'Luton Airport','LTN',372),(1307,'Southend Airport','SEN',372),(1308,'Stansted Airport','STN',372),(1309,'Cardiff Airport','CWL',378),(1310,'Adelaide Airport','ADL',1222),(1311,'Brisbane Airport','BNE',1223),(1312,'Cairns Airport','CNS',1224),(1313,'Canberra Airport','CBR',1225),(1314,'Darwin International Airport','DRW',1226),(1315,'Gold Coast Airport','OOL',1227),(1316,'Hobart International Airport','HBA',1228),(1317,'Melbourne Airport','MEL',1229),(1318,'Perth Airport','PER',1230),(1319,'Port Hedland International Airport','PHE',1231),(1320,'Sydney Airport','SYD',1232),(1321,'Townsville International Airport','TSV',1233),(1322,'Christmas Island Airport','XCH',1234),(1323,'Cocos (Keeling) Islands Airport','CCK',1235),(1324,'Rarotonga Airport','RAR',1236),(1325,'Mataveri International Airport','IPC',1237),(1326,'Chuuk International Airport','TKK',1238),(1327,'Kosrae International Airport','KSA',1239),(1328,'Pohnpei International Airport','PNI',1240),(1329,'Yap International Airport','YAP',1241),(1330,'Nadi International Airport','NAN',1242),(1331,'Nausori International Airport','SUV',1243),(1332,'Faa\'a International Airport','PPT',1244),(1333,'Antonio B. Won Pat International Airport','GUM',1245),(1334,'Cassidy International Airport','CXI',1246),(1335,'Bonriki International Airport','TRW',1247),(1336,'Bucholz Army Airfield','KWA',1248),(1337,'Marshall Islands International Airport','MAJ',1249),(1338,'Nauru International Airport','INU',1250),(1339,'La Tontouta International Airport','NOU',1251),(1340,'Auckland Airport','AKL',1252),(1341,'Christchurch International Airport','CHC',1253),(1342,'Dunedin International Airport','DUD',1254),(1343,'Queenstown Airport','ZQN',1255),(1344,'Wellington International Airport','WLG',1256),(1345,'Niue International Airport','IUE',1257),(1346,'Norfolk Airport','NLK',1258),(1347,'Rota International Airport','ROP',1259),(1348,'Saipan International Airport','SPN',1260),(1349,'Tinian International Airport','TIQ',1261),(1350,'Roman Tmetuchl International Airport','ROR',1262),(1351,'Jacksons International Airport','POM',1263),(1352,'Faleolo International Airport','APW',1264),(1353,'Honiara International Airport','HIR',1265),(1354,'Fua╩╗amotu International','TBU',1266),(1355,'Vava\'u International Airport','VAV',1267),(1356,'Funafuti International Airport','FUN',1268),(1357,'Santo-Pekoa International Airport','SON',1269),(1358,'Bauerfield International Airport','VLI',1270),(1359,'Pointe Vele Airport','FUT',1271),(1360,'Hihifo Airport','WLS',1272);
/*!40000 ALTER TABLE `airports` ENABLE KEYS */;
UNLOCK TABLES;

--
-- Table structure for table `cities`
--

DROP TABLE IF EXISTS `cities`;
/*!40101 SET @saved_cs_client     = @@character_set_client */;
/*!40101 SET character_set_client = utf8 */;
CREATE TABLE `cities` (
  `city_id` int(11) NOT NULL AUTO_INCREMENT,
  `city_name` varchar(45) NOT NULL,
  `country_id` int(11) DEFAULT NULL,
  `zone_id` int(11) DEFAULT NULL,
  PRIMARY KEY (`city_id`)
) ENGINE=InnoDB AUTO_INCREMENT=1273 DEFAULT CHARSET=utf8mb4;
/*!40101 SET character_set_client = @saved_cs_client */;

--
-- Dumping data for table `cities`
--

LOCK TABLES `cities` WRITE;
/*!40000 ALTER TABLE `cities` DISABLE KEYS */;
INSERT INTO `cities` VALUES (1,'Aracaju',65,38),(2,'Bel├®m',65,37),(3,'Belo Horizonte',65,40),(4,'Campinas',65,40),(5,'Campo Grande',65,36),(6,'Cuiab├í',65,36),(7,'Curitiba',65,39),(8,'Florian├│polis',65,39),(9,'Fortaleza',65,38),(10,'Goi├ónia',65,36),(11,'Jo├úo Pessoa',65,38),(12,'Macei├│',65,38),(13,'Manaus',65,37),(14,'Petrolina',65,NULL),(15,'Porto Alegre',65,39),(16,'Porto Velho',65,37),(17,'Recife',65,38),(18,'Rio de Janeiro',65,40),(19,'Salvador',65,38),(20,'S├úo Lu├¡s',65,38),(21,'S├úo Paulo',65,40),(23,'Vit├│ria',65,40),(24,'Gander',67,41),(25,'Halifax',67,41),(26,'Moncton',67,41),(27,'St. John\'s',67,41),(28,'Hamilton',67,42),(29,'Montreal',67,42),(30,'Ottawa',67,42),(31,'Quebec City',67,42),(32,'Thunder Bay',67,42),(33,'Toronto',67,42),(35,'Iqaluit',67,NULL),(36,'Whitehorse',67,NULL),(37,'Calgary',67,43),(38,'Edmonton',67,43),(39,'Regina',67,43),(40,'Saskatoon',67,43),(41,'Winnipeg',67,43),(42,'Kelowna',67,44),(43,'Vancouver',67,44),(44,'Victoria',67,44),(45,'Acapulco',88,27),(46,'Aguascalientes',88,24),(47,'Canc├║n',88,NULL),(48,'Chihuahua',88,25),(49,'Ciudad del Carmen',88,NULL),(50,'Cozumel',88,NULL),(51,'Culiac├ín',88,25),(52,'Durango',88,25),(53,'Guadalajara',88,28),(54,'Hermosillo',88,25),(55,'Huatulco',88,27),(56,'Ixtapa',88,27),(57,'Le├│n',88,24),(58,'Loreto',88,25),(59,'Los Cabos',88,25),(60,'Manzanillo',88,28),(61,'Mazatl├ín',88,25),(62,'M├®rida',88,NULL),(63,'Mexico City',88,26),(64,'Monterrey',88,NULL),(65,'Morelia',88,28),(66,'Oaxaca',88,27),(67,'Puebla',88,23),(68,'Puerto Vallarta',88,28),(69,'Quer├®taro',88,24),(70,'Saltillo',88,NULL),(71,'San Luis Potos├¡',88,24),(72,'Tampico',88,NULL),(73,'Tijuana',88,25),(74,'Toluca',88,26),(75,'Torre├│n',88,NULL),(76,'Tuxtla Gutierrez',88,27),(77,'Uruapan',88,28),(78,'Veracruz',88,23),(79,'Villahermosa',88,NULL),(80,'Zacatecas',88,24),(81,'Akron',103,1),(83,'Appleton',103,1),(84,'Chicago',103,1),(87,'Cleveland',103,1),(88,'Columbus (OH)',103,1),(90,'Dayton (OH)',103,1),(91,'Detroit',103,1),(92,'Indianapolis',103,1),(93,'Lansing',103,1),(94,'Milwaukee',103,1),(95,'Birmingham',103,2),(96,'Cincinnati',103,2),(97,'Huntsville (AL)',103,2),(98,'Louisville',103,2),(99,'Memphis',103,2),(100,'Nashville',103,2),(101,'Albany',103,3),(102,'Atlantic City',103,3),(103,'Buffalo',103,3),(104,'New York City',103,3),(106,'Newark',103,3),(107,'Newburgh',103,3),(108,'Philadelphia',103,3),(109,'Pittsburgh',103,3),(110,'Rochester (NY)',103,3),(111,'Syracuse',103,3),(112,'Albuquerque',103,4),(113,'Denver',103,4),(114,'Las Vegas',103,4),(115,'Phoenix',103,4),(116,'Reno',103,4),(117,'Salt Lake City',103,4),(118,'Bangor',103,5),(119,'Boston',103,5),(120,'Hartford',103,5),(121,'Portland (ME)',103,5),(122,'Providence',103,5),(123,'Anchorage',103,6),(124,'Fairbanks',103,6),(125,'Fresno',103,6),(126,'Hilo',103,6),(127,'Honolulu',103,6),(128,'Juneau',103,6),(129,'Ketchikan',103,6),(130,'Kona',103,6),(131,'Los Angeles',103,6),(132,'Oakland',103,6),(133,'Ontario',103,6),(134,'Orange County',103,6),(135,'Palm Springs',103,6),(136,'Portland (OR)',103,6),(137,'Sacramento',103,6),(138,'San Bernardino',103,6),(139,'San Diego',103,6),(140,'San Francisco',103,6),(141,'San Jose (CA)',103,6),(142,'Seattle',103,6),(145,'Snohomish County (WA)',103,6),(146,'Spokane',103,6),(147,'Atlanta',103,7),(148,'Baltimore',103,7),(149,'Charlotte',103,7),(150,'Charleston (SC)',103,7),(151,'Fort Lauderdale',103,7),(152,'Fort Myers',103,7),(153,'Jacksonville',103,7),(154,'Key West',103,7),(155,'Melbourne (FL)',103,7),(156,'Miami',103,7),(157,'Myrtle Beach',103,7),(158,'Orlando',103,7),(159,'Orlando/Sanford',103,7),(160,'Panama City Beach',103,7),(161,'Raleigh/Durham',103,7),(162,'Sarasota/Bradenton',103,7),(163,'St. Petersburg (FL)',103,7),(164,'Tallahassee',103,7),(165,'Tampa',103,7),(166,'Washington, D.C.',103,7),(167,'Washington D.C.',103,7),(168,'West Palm Beach',103,7),(169,'Des Moines (IA)',103,8),(170,'Kansas City',103,8),(171,'Minneapolis/St. Paul',103,8),(172,'Omaha',103,8),(173,'St. Louis',103,8),(174,'Austin',103,9),(175,'Dallas',103,9),(176,'Houston',103,9),(178,'New Orleans',103,9),(179,'San Antonio',103,9),(180,'Akita',124,35),(181,'Aomori',124,35),(182,'Fukuoka',124,34),(183,'Hakodate',124,31),(184,'Kagoshima',124,34),(185,'Komatsu',124,29),(186,'Hiroshima',124,30),(187,'Kitakyushu',124,34),(188,'Nagasaki',124,34),(189,'Nagoya',124,29),(190,'Niigata',124,29),(191,'Oita',124,34),(192,'Okayama',124,30),(193,'Osaka',124,33),(194,'Sapporo',124,31),(195,'Sendai',124,35),(196,'Shizuoka',124,29),(197,'Tokyo',124,32),(199,'Paris',168,NULL),(200,'Paris',168,NULL),(201,'Tours',168,NULL),(202,'Ch├ólons-en-Champagne',168,46),(203,'Chamb├®ry',168,NULL),(204,'Grenoble',168,46),(205,'Lyon',168,46),(206,'Mulhouse',168,46),(207,'Saint Etienne',168,46),(208,'Strasbourg',168,46),(209,'Beauvais',168,47),(210,'Lille',168,47),(211,'B├®ziers',168,48),(212,'Carcassonne',168,48),(213,'Marseille',168,48),(214,'Nice',168,48),(215,'N├«mes',168,48),(216,'Perpignan',168,48),(217,'Rodez',168,48),(218,'Toulon',168,48),(219,'Toulouse',168,48),(220,'Bergerac',168,49),(221,'Biarritz',168,49),(222,'Bordeaux',168,49),(223,'Brest',168,49),(224,'Dinard',168,49),(225,'Ile de Re',168,49),(226,'Limoges',168,49),(227,'Nantes',168,49),(228,'Pau',168,49),(229,'Poitiers',168,49),(230,'Ajaccio',168,45),(231,'Bastia',168,45),(232,'Figari',168,45),(233,'Ancona',177,NULL),(234,'Florence',177,NULL),(235,'Perugia',177,NULL),(236,'Pisa',177,NULL),(237,'Rome',177,NULL),(238,'Rome',177,NULL),(239,'Alghero',177,50),(240,'Cagliari',177,50),(241,'Catania',177,50),(242,'Olbia',177,50),(243,'Palermo',177,50),(244,'Trapani',177,50),(245,'Bologna',177,51),(246,'Rimini',177,51),(247,'Trieste',177,51),(248,'Venice',177,51),(249,'Verona',177,51),(250,'Bergamo',177,NULL),(251,'Brescia',177,NULL),(252,'Cuneo',177,NULL),(253,'Genoa',177,NULL),(254,'Milan',177,NULL),(255,'Milan',177,NULL),(256,'Turin',177,NULL),(257,'Lamezia',177,NULL),(258,'Naples',177,NULL),(259,'Bari',177,NULL),(260,'Brindisi',177,NULL),(261,'Pescara',177,NULL),(262,'Belgorod',193,NULL),(263,'Kursk',193,NULL),(264,'Voronezh',193,NULL),(265,'Kaliningrad',193,NULL),(266,'Arkhangelsk',193,NULL),(267,'Murmansk',193,NULL),(268,'Petrozavodsk',193,NULL),(269,'Syktyvkar',193,NULL),(270,'Cherepovets',193,NULL),(271,'Pskov',193,NULL),(272,'Saint Petersburg',193,NULL),(273,'Abakan',193,20),(274,'Bratsk',193,20),(275,'Chita',193,20),(276,'Irkutsk',193,20),(277,'Ulan-Ude',193,20),(278,'Barnaul',193,20),(279,'Novokuznetsk',193,20),(280,'Novosibirsk',193,20),(281,'Omsk',193,20),(282,'Tomsk',193,20),(283,'Tyumen',193,20),(284,'Cheboksary',193,22),(285,'Nizhny Novgorod',193,22),(286,'Bryansk',193,NULL),(287,'Moscow',193,NULL),(288,'Moscow',193,NULL),(289,'Moscow',193,NULL),(290,'Yaroslavl',193,NULL),(291,'Anadyr',193,18),(292,'Blagoveshchensk',193,18),(293,'Khabarovsk',193,18),(294,'Komsomolsk-on-Amur',193,NULL),(295,'Krasnodar',193,18),(296,'Krasnoyarsk',193,18),(297,'Magadan',193,18),(298,'Provideniya',193,18),(299,'Petropavlovsk-Kamchatsky',193,18),(300,'Vladivostok',193,18),(301,'Yakutsk',193,18),(302,'Yuzhno-Sakhalinsk',193,18),(303,'Anapa',193,19),(304,'Grozny',193,19),(305,'Makhachkala',193,19),(306,'Mineralnye Vody',193,19),(307,'Nalchik',193,19),(308,'Rostov-on-Don',193,19),(309,'Sochi',193,19),(310,'Stavropol',193,19),(311,'Vladikavkaz',193,19),(312,'Chelyabinsk',193,21),(313,'Magnitogorsk',193,21),(314,'Nizhnevartovsk',193,21),(315,'Orenburg',193,21),(316,'Orsk',193,21),(317,'Perm',193,21),(318,'Surgut',193,21),(319,'Ufa',193,21),(320,'Yekaterinburg',193,21),(321,'Astrakhan',193,22),(322,'Elista',193,22),(323,'Kazan',193,22),(324,'Nizhnekamsk',193,22),(325,'Samara',193,22),(326,'Saratov',193,22),(327,'Ulyanovsk',193,22),(328,'Volgograd',193,22),(329,'Barcelona',198,17),(330,'Girona',198,17),(331,'Lleida',198,17),(332,'Reus',198,17),(333,'Huesca',198,NULL),(334,'Zaragoza',198,NULL),(335,'Valladolid',198,NULL),(336,'Madrid',198,NULL),(337,'Alicante',198,NULL),(338,'Valencia',198,NULL),(339,'Asturias',198,NULL),(340,'Santander',198,NULL),(341,'A Coru├▒a',198,NULL),(342,'Santiago de Compostela',198,NULL),(343,'Almeria',198,NULL),(344,'Granada',198,NULL),(345,'Jerez de la Frontera',198,NULL),(346,'Malaga',198,NULL),(347,'Seville',198,NULL),(348,'Murcia',198,NULL),(349,'Ibiza',198,15),(350,'Menorca',198,15),(351,'Palma de Mallorca',198,15),(352,'Fuerteventura',198,16),(353,'Gran Canaria',198,16),(354,'La Palma',198,16),(355,'Lanzarote',198,16),(356,'Tenerife',198,16),(358,'Nottingham/Leicester',203,11),(359,'Birmingham',203,11),(360,'Middlesbrough',203,12),(361,'Newcastle upon Tyne',203,12),(362,'Liverpool',203,12),(363,'Manchester',203,12),(364,'Doncaster/Sheffield',203,12),(365,'Leeds/Bradford',203,12),(366,'Norwich',203,13),(367,'Southampton',203,13),(368,'Bournemouth',203,13),(369,'Bristol',203,13),(370,'Exeter',203,13),(371,'Newquay',203,13),(372,'London',203,10),(378,'Cardiff',203,14),(379,'Annaba',1,NULL),(380,'Algiers',1,NULL),(381,'Adrar',1,NULL),(382,'Bejaia',1,NULL),(383,'Batna',1,NULL),(384,'Oumache',1,NULL),(385,'Chlef',1,NULL),(386,'Constantine',1,NULL),(387,'Jijel',1,NULL),(388,'Hassi Messaoud',1,NULL),(389,'Oran',1,NULL),(390,'S├®tif',1,NULL),(391,'Tlemcen',1,NULL),(392,'Tamanrasset',1,NULL),(393,'Luanda',2,NULL),(394,'Lubango',2,NULL),(395,'Cotonou',3,NULL),(396,'Kasane',4,NULL),(397,'Francistown',4,NULL),(398,'Gaborone',4,NULL),(399,'Maun',4,NULL),(400,'Bobo-Dioulasso',5,NULL),(401,'Ouagadougou',5,NULL),(402,'Bujumbura',6,NULL),(403,'Douala',7,NULL),(404,'Yaound├®',7,NULL),(405,'Boa Vista Island',8,NULL),(406,'Praia,┬áSantiago Island',8,NULL),(407,'Sal Island',8,NULL),(408,'Sao Vicente Island',8,NULL),(409,'Bangui',9,NULL),(410,'N\'Djamena',10,NULL),(411,'Moroni, Comoros',11,NULL),(412,'Abidjan',12,NULL),(413,'Lubumbashi',13,NULL),(414,'Kinshasa',13,NULL),(415,'Kisangani',13,NULL),(416,'Goma',13,NULL),(417,'Djibouti City',14,NULL),(418,'El Arish',15,NULL),(419,'Alexandria',15,NULL),(420,'Aswan',15,NULL),(421,'Asyut',15,NULL),(422,'Cairo',15,NULL),(423,'El Dabaa',15,NULL),(424,'Alexandria',15,NULL),(425,'Sohag',15,NULL),(426,'Hurghada',15,NULL),(427,'Luxor',15,NULL),(428,'Mersa Matruh',15,NULL),(429,'Marsa Alam',15,NULL),(430,'Saint Catherine',15,NULL),(431,'Sharm el-Sheikh',15,NULL),(432,'Taba',15,NULL),(433,'Malabo',16,NULL),(434,'Asmara',17,NULL),(435,'Addis Ababa',18,NULL),(436,'Dire Dawa',18,NULL),(437,'Libreville',19,NULL),(438,'Franceville',19,NULL),(439,'Port-Gentil',19,NULL),(440,'Banjul',20,NULL),(441,'Accra',21,NULL),(442,'Tamale',21,NULL),(443,'Conakry',22,NULL),(444,'Bubaque',23,NULL),(445,'Bissau',23,NULL),(446,'Eldoret',24,NULL),(447,'Kisumu',24,NULL),(448,'Mombasa',24,NULL),(449,'Nairobi',24,NULL),(450,'Maseru',25,NULL),(451,'Monrovia',26,NULL),(452,'Benghazi',27,NULL),(453,'Tajoura',27,NULL),(454,'Sabha',27,NULL),(455,'Tripoli',27,NULL),(456,'Antsiranana',28,NULL),(457,'T├┤lanaro',28,NULL),(458,'Mahajanga',28,NULL),(459,'Nosy Be',28,NULL),(460,'Toliara',28,NULL),(461,'Toamasina',28,NULL),(462,'Antananarivo',28,NULL),(463,'Blantyre',29,NULL),(464,'Lilongwe',29,NULL),(465,'Bamako',30,NULL),(466,'Nouadhibou',31,NULL),(467,'Nouakchott',31,NULL),(468,'Plaine Magnien',32,NULL),(469,'Dzaoudzi',33,NULL),(470,'Agadir',34,NULL),(471,'Casablanca',34,NULL),(472,'La├óyoune',34,NULL),(473,'Fes',34,NULL),(474,'Nador',34,NULL),(475,'Oujda',34,NULL),(476,'Marrakech',34,NULL),(477,'Rabat',34,NULL),(478,'Tangier',34,NULL),(479,'Tetouan',34,NULL),(480,'Dakhla',34,NULL),(481,'Nampula',35,NULL),(482,'Beira',35,NULL),(483,'Inhambane',35,NULL),(484,'Maputo',35,NULL),(485,'Pemba',35,NULL),(486,'Tete',35,NULL),(487,'Vilankulo',35,NULL),(488,'Windhoek',36,NULL),(489,'Walvis Bay',36,NULL),(490,'Niamey',37,NULL),(491,'Asaba, Delta',38,NULL),(492,'Abuja',38,NULL),(493,'Calabar',38,NULL),(494,'Enugu',38,NULL),(495,'Kano',38,NULL),(496,'Lagos',38,NULL),(497,'Port Harcourt',38,NULL),(498,'Sokoto',38,NULL),(499,'Brazzaville',39,NULL),(500,'Pointe-Noire',39,NULL),(501,'Saint-Denis',40,NULL),(502,'Kigali',41,NULL),(503,'S├úo Tom├®',42,NULL),(504,'Dakar',43,NULL),(505,'Victoria',44,NULL),(506,'Freetown',45,NULL),(507,'Bosaso',46,NULL),(508,'Galkayo',46,NULL),(509,'Garowe',46,NULL),(510,'Hargeisa',46,NULL),(511,'Kismayo',46,NULL),(512,'Mogadishu',46,NULL),(513,'Cape Town',47,NULL),(514,'Durban',47,NULL),(515,'Johannesburg',47,NULL),(516,'Johannesburg',47,NULL),(517,'Nelspruit',47,NULL),(518,'Juba',48,NULL),(519,'Khartoum',49,NULL),(520,'Port Sudan',49,NULL),(521,'Manzini',50,NULL),(522,'Dar es Salaam',51,NULL),(523,'Hai District',51,NULL),(524,'Unguja,┬áZanzibar',51,NULL),(525,'Lom├®',52,NULL),(526,'Djerba',53,NULL),(527,'Monastir',53,NULL),(528,'Enfidha',53,NULL),(529,'Sfax',53,NULL),(530,'Tabarka',53,NULL),(531,'Tozeur',53,NULL),(532,'Tunis',53,NULL),(533,'Entebbe',54,NULL),(534,'Lusaka',55,NULL),(535,'Livingstone',55,NULL),(536,'Ndola',55,NULL),(537,'Bulawayo',56,NULL),(538,'Harare',56,NULL),(539,'Victoria Falls',56,NULL),(540,'The Valley',57,NULL),(541,'Antigua',58,NULL),(542,'Buenos Aires',59,NULL),(543,'Buenos Aires',59,NULL),(544,'C├│rdoba',59,NULL),(545,'Mendoza',59,NULL),(546,'Puerto Iguaz├║',59,NULL),(547,'Resistencia',59,NULL),(548,'R├¡o Gallegos',59,NULL),(549,'San Carlos de Bariloche',59,NULL),(550,'Ushuaia',59,NULL),(551,'Nassau',60,NULL),(552,'Chub Cay',60,NULL),(553,'Exuma',60,NULL),(554,'Freeport',60,NULL),(555,'South Eleuthera',60,NULL),(556,'Marsh Harbour',60,NULL),(557,'Christ Church, Barbados',61,NULL),(558,'Belize City',62,NULL),(559,'St. George\'s, Bermuda',63,NULL),(560,'La Paz',64,NULL),(561,'Santa Cruz de la Sierra',64,NULL),(562,'Cayman Brac',68,NULL),(563,'Georgetown',68,NULL),(564,'Antofagasta',69,NULL),(565,'Easter Island',69,NULL),(566,'Concepci├│n',69,NULL),(567,'Puerto Montt',69,NULL),(568,'Punta Arenas',69,NULL),(569,'Santiago de Chile',69,NULL),(570,'Armenia',70,NULL),(571,'Barranquilla',70,NULL),(572,'Bogot├í',70,NULL),(573,'Bucaramanga',70,NULL),(574,'Cali',70,NULL),(575,'Cartagena de Indias',70,NULL),(576,'C├║cuta',70,NULL),(577,'Leticia',70,NULL),(578,'Medell├¡n',70,NULL),(579,'Pereira',70,NULL),(580,'San Andr├®s',70,NULL),(581,'Santa Marta',70,NULL),(582,'Liberia',71,NULL),(583,'San Jos├® de Costa Rica',71,NULL),(584,'Camag├╝ey',72,NULL),(585,'Cayo Coco',72,NULL),(586,'Cayo Largo del Sur',72,NULL),(587,'Cienfuegos',72,NULL),(588,'Havana',72,NULL),(589,'Holgu├¡n',72,NULL),(590,'Santa Clara',72,NULL),(591,'Santiago de Cuba',72,NULL),(592,'Varadero',72,NULL),(593,'Roseau',73,NULL),(594,'Barahona',74,NULL),(595,'La Romana',74,NULL),(596,'Punta Cana',74,NULL),(597,'Samana',74,NULL),(598,'San Felipe de Puerto Plata',74,NULL),(599,'Santiago de los Caballeros',74,NULL),(600,'Santo Domingo',74,NULL),(601,'Cuenca',75,NULL),(602,'Esmeraldas',75,NULL),(603,'Guayaquil',75,NULL),(604,'Machala',75,NULL),(605,'Manta',75,NULL),(606,'Quito',75,NULL),(607,'Tulc├ín',75,NULL),(608,'San Salvador',76,NULL),(609,'Mount Pleasant',77,NULL),(610,'Cayenne',78,NULL),(611,'Kangerlussuaq',79,NULL),(612,'Nuuk',79,NULL),(613,'Ilulissat',79,NULL),(614,'Narsarsuaq',79,NULL),(615,'Grenada',80,NULL),(616,'Pointe-├á-Pitre',81,NULL),(617,'Flores',82,NULL),(618,'Guatemala City',82,NULL),(619,'Georgetown',83,NULL),(620,'Cap-Ha├»tien',84,NULL),(621,'Port-au-Prince',84,NULL),(622,'La Ceiba',85,NULL),(623,'Roat├ín',85,NULL),(624,'San Pedro Sula',85,NULL),(625,'Tegucigalpa',85,NULL),(626,'Kingston',86,NULL),(627,'Montego Bay',86,NULL),(628,'Fort-de-France',87,NULL),(629,'Brades',89,NULL),(630,'Kralendijk',90,NULL),(631,'Oranjestad, Aruba',90,NULL),(632,'Philipsburg, Sint Maarten',90,NULL),(633,'Willemstad',90,NULL),(634,'Managua',91,NULL),(635,'Bluefields',91,NULL),(636,'Corn Island',91,NULL),(637,'Puerto Cabezas',91,NULL),(638,'Bocas del Toro',92,NULL),(639,'David, Chiriqu├¡',92,NULL),(640,'Panama City',92,NULL),(641,'Asunci├│n',93,NULL),(642,'Ciudad del Este',93,NULL),(643,'Arequipa',94,NULL),(644,'Cusco',94,NULL),(645,'Lima',94,NULL),(646,'Aguadilla',95,NULL),(647,'San Juan',95,NULL),(648,'San Juan',95,NULL),(649,'St. Jean',96,NULL),(650,'Saint Kitts',97,NULL),(651,'Vieux Fort Quarter',98,NULL),(652,'Kingstown',99,NULL),(653,'Canouan',99,NULL),(654,'Paramaribo',100,NULL),(655,'Port of Spain',101,NULL),(656,'Tobago',101,NULL),(657,'Providenciales',102,NULL),(658,'Montevideo',104,NULL),(659,'Punta del Este',104,NULL),(660,'Caracas',106,NULL),(661,'Maracaibo',106,NULL),(662,'Valencia',106,NULL),(663,'Kabul',107,NULL),(664,'Herat',107,NULL),(665,'Kandahar',107,NULL),(666,'Mazar-i-Sharif',107,NULL),(667,'Yerevan',108,NULL),(668,'Gyumri',108,NULL),(669,'Baku',109,NULL),(670,'Ganja',109,NULL),(671,'Nakhchivan (city)',109,NULL),(672,'Qabala',109,NULL),(673,'Lankaran',109,NULL),(674,'Manama',110,NULL),(675,'Chittagong',111,NULL),(676,'Dhaka',111,NULL),(677,'Sylhet',111,NULL),(678,'Paro',112,NULL),(679,'Bandar Seri Begawan',113,NULL),(680,'Phnom Penh',114,NULL),(681,'Siem Reap',114,NULL),(682,'Sihanoukville',114,NULL),(683,'Changzhou',115,64),(684,'Fuzhou',115,64),(685,'Hangzhou',115,64),(686,'Hefei',115,64),(687,'Jinan',115,64),(688,'Nanchang',115,64),(689,'Nanjing',115,64),(690,'Nantong',115,64),(691,'Ningbo',115,64),(692,'Qingdao',115,64),(693,'Quanzhou',115,64),(694,'Shanghai',115,64),(695,'Shanghai',115,64),(696,'Wuxi',115,64),(697,'Weihai',115,64),(698,'Wenzhou',115,64),(699,'Xiamen',115,64),(700,'Xuzhou',115,64),(701,'Yancheng',115,64),(702,'Yantai',115,64),(703,'Zhoushan',115,64),(704,'Changchun',115,67),(705,'Dandong',115,67),(706,'Dalian',115,67),(707,'Harbin',115,67),(708,'Mudanjiang',115,67),(709,'Shenyang',115,67),(710,'Yanji',115,67),(711,'Beijing',115,66),(712,'Beijing',115,66),(713,'Shijiazhuang',115,66),(714,'Taiyuan',115,66),(715,'Tianjin',115,66),(716,'Dunhuang',115,68),(717,'Lanzhou',115,68),(718,'Tianshui',115,68),(719,'├£r├╝mqi',115,68),(720,'Xi\'an',115,68),(721,'Xining',115,68),(722,'Yinchuan',115,68),(723,'Zhangye',115,68),(724,'Beihai',115,65),(725,'Changsha',115,65),(726,'Guangzhou',115,65),(727,'Guilin',115,65),(728,'Haikou',115,65),(729,'Huizhou',115,65),(730,'Jieyang',115,65),(731,'Liuzhou',115,65),(732,'Luoyang',115,65),(733,'Nanning',115,65),(734,'Sanya',115,65),(735,'Shenzhen',115,65),(736,'Wuhan',115,65),(737,'Xiangyang',115,65),(738,'Zhangjiajie',115,65),(739,'Zhengzhou',115,65),(740,'Zhuhai',115,65),(741,'Chengdu',115,69),(742,'Chongqing',115,69),(743,'Guiyang',115,69),(744,'Kunming',115,69),(745,'Lhasa',115,69),(746,'Mianyang',115,69),(747,'Xichang',115,69),(748,'Dili',116,NULL),(749,'Batumi',117,NULL),(750,'Kutaisi',117,NULL),(751,'Tbilisi',117,NULL),(752,'Hong Kong',118,NULL),(753,'Andaman & Nicobar Islands',119,78),(754,'Ahmedabad',119,79),(755,'Amritsar',119,76),(756,'Agatti',119,78),(757,'Aizawl',119,77),(758,'Bangalore',119,78),(759,'Bhopal',119,74),(760,'Bhubaneswar',119,75),(761,'Chandigarh',119,76),(762,'Chennai',119,78),(763,'Chennai',119,78),(764,'Cochin',119,78),(765,'Coimbatore',119,78),(766,'Daman',119,79),(767,'Dimapur',119,77),(768,'Delhi',119,76),(769,'Dehradun',119,76),(770,'Dholera',119,79),(771,'Faizabad',119,76),(772,'Gangtok',119,77),(773,'Gurgaon',119,76),(774,'Goa',119,79),(775,'Goa',119,79),(776,'Gaya',119,75),(777,'Guwahati',119,77),(778,'Hyderabad',119,78),(779,'Imphal',119,77),(780,'Indore',119,74),(781,'Jaipur',119,76),(782,'Kannur',119,78),(783,'Kolkata',119,75),(784,'Kozhikode',119,78),(785,'Kullu',119,76),(786,'Lucknow',119,76),(787,'Madurai',119,78),(788,'Mangalore',119,78),(789,'Mumbai',119,79),(790,'Mysore',119,78),(791,'Nagpur',119,79),(792,'Navi Mumbai',119,79),(793,'Kanpur',119,76),(794,'Port Blair',119,78),(795,'Patna',119,75),(796,'Pune',119,79),(797,'Pune',119,79),(798,'Raipur',119,74),(799,'Ranchi',119,75),(800,'Siliguri',119,75),(801,'Shillong',119,77),(802,'Shimla',119,76),(803,'Srinagar',119,76),(804,'Trichy',119,78),(805,'Tirupati',119,78),(806,'Trivandrum',119,78),(807,'Varanasi',119,76),(808,'Vijayawada',119,78),(809,'Visakhapatnam',119,78),(810,'Vadodara',119,79),(811,'Makassar',120,NULL),(812,'Manado',120,NULL),(813,'Mataram',120,NULL),(814,'Medan',120,NULL),(815,'Padang',120,NULL),(816,'Palembang',120,NULL),(817,'Pekanbaru',120,NULL),(818,'Samarinda',120,NULL),(819,'Semarang',120,NULL),(820,'Surabaya',120,NULL),(821,'Solo',120,NULL),(822,'Yogyakarta',120,NULL),(823,'Jakarta',120,NULL),(824,'Denpasar',120,NULL),(825,'Bandung',120,NULL),(826,'Balikpapan',120,NULL),(827,'Ambon',120,NULL),(828,'Palangkaraya',120,NULL),(829,'Jayapura',120,NULL),(830,'Banjarmasin',120,NULL),(831,'Kupang',120,NULL),(832,'Palu',120,NULL),(833,'Kendari',120,NULL),(834,'Bandar Abbas',121,NULL),(835,'Birjand',121,NULL),(836,'Isfahan',121,NULL),(837,'Kish Island',121,NULL),(838,'Mashhad',121,NULL),(839,'Mehrabad',121,NULL),(840,'Qeshm',121,NULL),(841,'Shiraz',121,NULL),(842,'Tabriz',121,NULL),(843,'Tehran',121,NULL),(844,'Al Najaf',122,NULL),(845,'Baghdad',122,NULL),(846,'Basra',122,NULL),(847,'Erbil',122,NULL),(848,'Mosul',122,NULL),(849,'Sulaymaniyah',122,NULL),(850,'Diyala Governorate',122,NULL),(851,'Eilat',123,NULL),(852,'Haifa',123,NULL),(853,'Negev',123,NULL),(854,'Greater Tel Aviv',123,NULL),(855,'Aqaba',125,NULL),(856,'Amman',125,NULL),(857,'Amman',125,NULL),(858,'Aktau',126,NULL),(859,'Almaty',126,NULL),(860,'Astana',126,NULL),(861,'Atyrau',126,NULL),(862,'Karaganda',126,NULL),(863,'Kostanay',126,NULL),(864,'Shymkent',126,NULL),(865,'Oral',126,NULL),(866,'Kuwait',127,NULL),(867,'Bishkek',128,NULL),(868,'Osh',128,NULL),(869,'Luang Prabang',129,NULL),(870,'Pakse',129,NULL),(871,'Vientiane',129,NULL),(872,'Beirut',130,NULL),(873,'Macau',131,NULL),(874,'Ipoh',132,NULL),(875,'Johor Bahru',132,NULL),(876,'Kota Bharu',132,NULL),(877,'Kota Kinabalu',132,NULL),(878,'Kuala Lumpur',132,NULL),(879,'Kuching',132,NULL),(880,'Langkawi',132,NULL),(881,'Penang',132,NULL),(882,'Subang',132,NULL),(883,'Hulhule Island',133,NULL),(884,'Addu City',133,NULL),(885,'Ulan Bator',134,NULL),(886,'Mandalay',135,NULL),(887,'Yangon',135,NULL),(888,'Naypyidaw',135,NULL),(889,'Kusinagar',136,NULL),(890,'Kathmandu',136,NULL),(891,'Siddharthanagar',136,NULL),(892,'Pyongyang',137,NULL),(893,'Muscat',138,NULL),(894,'Bahawalpur',139,NULL),(895,'Dera Ghazi Khan',139,NULL),(896,'Faisalabad',139,NULL),(897,'Gwadar',139,NULL),(898,'Islamabad',139,NULL),(899,'Karachi',139,NULL),(900,'Lahore',139,NULL),(901,'Multan',139,NULL),(902,'Peshawar',139,NULL),(903,'Quetta',139,NULL),(904,'Rahim Yar Khan',139,NULL),(905,'Sialkot',139,NULL),(906,'Turbat',139,NULL),(907,'Bacolod',140,NULL),(908,'Lapu-Lapu, Philippines',140,NULL),(909,'Angeles, Philippines',140,NULL),(910,'Davao City',140,NULL),(911,'General Santos',140,NULL),(912,'Iloilo City',140,NULL),(913,'Kalibo',140,NULL),(914,'Laoag',140,NULL),(915,'Manila',140,NULL),(916,'Panglao Island',140,NULL),(917,'Puerto Princesa',140,NULL),(918,'Olongapo',140,NULL),(919,'Zamboanga City',140,NULL),(920,'Doha',141,NULL),(921,'Dammam',142,NULL),(922,'Jeddah',142,NULL),(923,'Medina',142,NULL),(924,'Riyadh',142,NULL),(925,'Singapore',143,NULL),(926,'Busan',144,NULL),(927,'Daegu',144,NULL),(928,'Jeju',144,NULL),(929,'Seoul',144,NULL),(930,'Incheon',144,NULL),(931,'Cheongju',144,NULL),(932,'Muan',144,NULL),(933,'Yangyang',144,NULL),(934,'Colombo',145,NULL),(935,'Hambantota',145,NULL),(936,'Aleppo',146,NULL),(937,'Damascus',146,NULL),(938,'Latakia',146,NULL),(939,'Kaohsiung',147,NULL),(940,'Taichung',147,NULL),(941,'Taipei',147,NULL),(942,'Taoyuan',147,NULL),(943,'Dushanbe',148,NULL),(944,'Khujand',148,NULL),(945,'Bangkok',149,NULL),(946,'Bangkok',149,NULL),(947,'Chiang Mai',149,NULL),(948,'Chiang Rai Province',149,NULL),(949,'Rayong┬áand┬áPattaya',149,NULL),(950,'Hat Yai',149,NULL),(951,'Krabi',149,NULL),(952,'Phuket Province',149,NULL),(953,'Surat Thani Province',149,NULL),(954,'Ko Samui',149,NULL),(955,'Udon Thani',149,NULL),(956,'Ashgabat',150,NULL),(957,'Mary',150,NULL),(958,'Turkmenbashi',150,NULL),(959,'Abu Dhabi',151,NULL),(960,'Al Ain',151,NULL),(961,'Dubai',151,NULL),(962,'Dubai',151,NULL),(963,'Ras Al Khaimah',151,NULL),(964,'Sharjah',151,NULL),(965,'Namangan',152,NULL),(966,'Tashkent',152,NULL),(967,'Da Nang',153,NULL),(968,'Hanoi',153,NULL),(969,'Ho Chi Minh City',153,NULL),(970,'Can Tho',153,NULL),(971,'Haiphong',153,NULL),(972,'Huß║┐',153,NULL),(973,'Phu Quoc',153,NULL),(974,'Kh├ính H├▓a',153,NULL),(975,'Quß║úng Nam',153,NULL),(976,'Aden',154,NULL),(977,'Sana\'a',154,NULL),(978,'Seiyun',154,NULL),(979,'Tirana',155,NULL),(980,'Graz',156,NULL),(981,'Klagenfurt',156,NULL),(982,'Innsbruck',156,NULL),(983,'Linz',156,NULL),(984,'Salzburg',156,NULL),(985,'Vienna',156,NULL),(986,'Grodno',157,NULL),(987,'Gomel',157,NULL),(988,'Minsk',157,NULL),(989,'Antwerp',158,NULL),(990,'Brussels',158,NULL),(991,'Brussels/Charleroi',158,NULL),(992,'Li├¿ge',158,NULL),(993,'Ostend/Bruges',158,NULL),(994,'Banja Luka',159,NULL),(995,'Sarajevo',159,NULL),(996,'Tuzla',159,NULL),(997,'Mostar',159,NULL),(998,'Burgas',160,NULL),(999,'Plovdiv',160,NULL),(1000,'Sofia',160,NULL),(1001,'Varna',160,NULL),(1002,'Dubrovnik',161,NULL),(1003,'Zagreb',161,NULL),(1004,'Osijek',161,NULL),(1005,'Pula',161,NULL),(1006,'Rijeka',161,NULL),(1007,'Split',161,NULL),(1008,'Zadar',161,NULL),(1009,'Larnaca',162,NULL),(1010,'Paphos',162,NULL),(1011,'Tymbou',162,NULL),(1012,'Brno',163,NULL),(1013,'Karlovy Vary',163,NULL),(1014,'Ostrava',163,NULL),(1015,'Prague',163,NULL),(1016,'Pardubice',163,NULL),(1017,'Aalborg',164,NULL),(1018,'Aarhus',164,NULL),(1019,'Billund',164,NULL),(1020,'Copenhagen',164,NULL),(1021,'Tallinn',165,NULL),(1022,'Tartu',165,NULL),(1023,'V├ígar',166,NULL),(1024,'Aland',167,NULL),(1025,'Helsinki',167,NULL),(1026,'Kittil├ñ',167,NULL),(1027,'Kuopio',167,NULL),(1028,'Kuusamo',167,NULL),(1029,'Lappeenranta',167,NULL),(1030,'Oulu',167,NULL),(1031,'Rovaniemi',167,NULL),(1032,'Tampere',167,NULL),(1033,'Turku',167,NULL),(1034,'Vaasa',167,NULL),(1035,'Berlin',169,70),(1036,'Berlin',169,70),(1037,'Berlin',169,70),(1038,'Leipzig',169,70),(1039,'Bremen',169,71),(1040,'Hamburg',169,71),(1041,'Hanover',169,71),(1042,'L├╝beck',169,71),(1043,'Freiburg im Breisgau',169,72),(1044,'Friedrichshafen',169,72),(1045,'Stuttgart',169,72),(1046,'Memmingen',169,72),(1047,'Munich',169,72),(1048,'Nuremberg',169,72),(1049,'Baden-Baden/Karlsruhe',169,72),(1050,'Frankfurt',169,73),(1051,'Frankfurt',169,73),(1052,'Cologne/Bonn',169,73),(1053,'Dortmund',169,73),(1054,'Dusseldorf',169,73),(1055,'Weeze',169,73),(1056,'Gibraltar',170,NULL),(1057,'Athens',171,NULL),(1058,'Chania',171,NULL),(1059,'Chios Island',171,NULL),(1060,'Corfu',171,NULL),(1061,'Heraklion',171,NULL),(1062,'Kalamata',171,NULL),(1063,'Karpathos Island',171,NULL),(1064,'Kavala',171,NULL),(1065,'Kefalonia Island',171,NULL),(1066,'Kos Island',171,NULL),(1067,'Mykonos Island',171,NULL),(1068,'Mytilene',171,NULL),(1069,'Preveza',171,NULL),(1070,'Rhodes',171,NULL),(1071,'Samos',171,NULL),(1072,'Santorini',171,NULL),(1073,'Skiathos Island',171,NULL),(1074,'Skyros Island',171,NULL),(1075,'Thessaloniki',171,NULL),(1076,'Volos',171,NULL),(1077,'Zakynthos',171,NULL),(1078,'Guernsey',172,NULL),(1079,'Budapest',173,NULL),(1080,'Debrecen',173,NULL),(1081,'H├®v├¡z',173,NULL),(1082,'Gy┼ær-P├®r',173,NULL),(1083,'P├®cs-Pog├íny',173,NULL),(1084,'Akureyri',174,NULL),(1085,'Reykjavik',174,NULL),(1086,'Reykjavik',174,NULL),(1087,'Cork',175,NULL),(1088,'Dublin',175,NULL),(1089,'Kerry',175,NULL),(1090,'Knock',175,NULL),(1091,'Shannon',175,NULL),(1092,'Isle of Man',176,NULL),(1093,'Jersey',178,NULL),(1094,'Pristina',179,NULL),(1095,'Riga',180,NULL),(1096,'Ventspils',180,NULL),(1097,'Kaunas',181,NULL),(1098,'Palanga',181,NULL),(1099,'┼áiauliai',181,NULL),(1100,'Vilnius',181,NULL),(1101,'Luxembourg City',182,NULL),(1102,'Ohrid',183,NULL),(1103,'Skopje',183,NULL),(1104,'Luqa',184,NULL),(1105,'Chi╚Öin─âu',185,NULL),(1106,'Podgorica',186,NULL),(1107,'Tivat',186,NULL),(1108,'Amsterdam',187,NULL),(1109,'Eindhoven',187,NULL),(1110,'Groningen',187,NULL),(1111,'Maastricht',187,NULL),(1112,'Rotterdam',187,NULL),(1113,'Belfast',188,NULL),(1114,'Belfast',188,NULL),(1115,'Derry',188,NULL),(1116,'├àlesund',189,NULL),(1117,'Bergen',189,NULL),(1118,'Bod├©',189,NULL),(1119,'Haugesund',189,NULL),(1120,'Kristiansand',189,NULL),(1121,'Kristiansund',189,NULL),(1122,'Oslo',189,NULL),(1123,'Oslo',189,NULL),(1124,'Oslo',189,NULL),(1125,'Stavanger',189,NULL),(1126,'Troms├©',189,NULL),(1127,'Trondheim',189,NULL),(1128,'Bydgoszcz',190,NULL),(1129,'Gda┼äsk',190,NULL),(1130,'Katowice',190,NULL),(1131,'Krak├│w',190,NULL),(1132,'Lublin',190,NULL),(1133,'┼ü├│d┼║',190,NULL),(1134,'Pozna┼ä',190,NULL),(1135,'Rzesz├│w',190,NULL),(1136,'Szczecin',190,NULL),(1137,'Warsaw',190,NULL),(1138,'Warsaw',190,NULL),(1139,'Wroc┼éaw',190,NULL),(1140,'Beja',191,NULL),(1141,'Faro',191,NULL),(1142,'Funchal',191,NULL),(1143,'Porto Santo Island',191,NULL),(1144,'Lisbon',191,NULL),(1145,'Porto',191,NULL),(1146,'Ponta Delgada',191,NULL),(1147,'Terceira Island',191,NULL),(1148,'Bucharest',192,NULL),(1149,'Cluj-Napoca',192,NULL),(1150,'Constan╚øa',192,NULL),(1151,'Ia╚Öi',192,NULL),(1152,'Oradea',192,NULL),(1153,'Sibiu',192,NULL),(1154,'Timi╚Öoara',192,NULL),(1155,'Aberdeen',203,52),(1156,'Edinburgh',203,52),(1157,'Glasgow',203,52),(1158,'Glasgow',203,52),(1159,'Inverness',203,52),(1160,'Belgrade',195,NULL),(1161,'Ni┼í',195,NULL),(1162,'Bratislava',196,NULL),(1163,'Ko┼íice',196,NULL),(1164,'Pie┼í┼Ñany',196,NULL),(1165,'Poprad',196,NULL),(1166,'Slia─ì',196,NULL),(1167,'┼¢ilina',196,NULL),(1168,'Ljubljana',197,NULL),(1169,'Maribor',197,NULL),(1170,'Portoro┼¥',197,NULL),(1171,'Gothenburg',199,NULL),(1172,'Gothenburg',199,NULL),(1173,'Lule├Ñ',199,NULL),(1174,'Malm├Â',199,NULL),(1175,'Norrk├Âping',199,NULL),(1176,'├ûstersund',199,NULL),(1177,'Stockholm',199,NULL),(1178,'Stockholm',199,NULL),(1179,'Stockholm',199,NULL),(1180,'Stockholm',199,NULL),(1181,'Ume├Ñ',199,NULL),(1182,'V├ñxj├Â',199,NULL),(1183,'Visby',199,NULL),(1184,'Basel-Mulhouse-Freiburg',200,NULL),(1185,'Bern',200,NULL),(1186,'Geneva',200,NULL),(1187,'St. Gallen',200,NULL),(1188,'Zurich',200,NULL),(1189,'Adana',201,NULL),(1190,'Ankara',201,NULL),(1191,'Antalya',201,NULL),(1192,'Bodrum',201,NULL),(1193,'Bursa',201,NULL),(1194,'Dalaman',201,NULL),(1195,'Gaziantep',201,NULL),(1196,'Istanbul',201,NULL),(1197,'Istanbul',201,NULL),(1198,'─░zmir',201,NULL),(1199,'Kayseri',201,NULL),(1200,'Konya',201,NULL),(1201,'K├╝tahya',201,NULL),(1202,'Malatya',201,NULL),(1203,'Nev┼ƒehir',201,NULL),(1204,'Samsun',201,NULL),(1205,'Trabzon',201,NULL),(1206,'Zonguldak',201,NULL),(1207,'Kiev',202,NULL),(1208,'Chernivtsi',202,NULL),(1209,'Donetsk',202,NULL),(1210,'Dnipropetrovsk',202,NULL),(1211,'Kiev',202,NULL),(1212,'Ivano-Frankivsk',202,NULL),(1213,'Kharkiv',202,NULL),(1214,'Kryvyi Rih',202,NULL),(1215,'Kiev',202,NULL),(1216,'Luhansk',202,NULL),(1217,'Lviv',202,NULL),(1218,'Mykolaiv Oblast',202,NULL),(1219,'Odessa',202,NULL),(1220,'Simferopol',202,NULL),(1221,'Zaporizhia',202,NULL),(1222,'Adelaide',204,NULL),(1223,'Brisbane',204,NULL),(1224,'Cairns',204,NULL),(1225,'Canberra',204,NULL),(1226,'Darwin',204,NULL),(1227,'Gold Coast',204,NULL),(1228,'Hobart',204,NULL),(1229,'Melbourne',204,NULL),(1230,'Perth',204,NULL),(1231,'Port Hedland',204,NULL),(1232,'Sydney',204,NULL),(1233,'Townsville',204,NULL),(1234,'Christmas Island',205,NULL),(1235,'Cocos (Keeling Islands)',206,NULL),(1236,'Cook Islands',207,NULL),(1237,'Hanga Roa',208,NULL),(1238,'Chuuk',209,NULL),(1239,'Kosrae',209,NULL),(1240,'Pohnpei',209,NULL),(1241,'Yap',209,NULL),(1242,'Nadi',210,NULL),(1243,'Suva',210,NULL),(1244,'Papeete',211,NULL),(1245,'Hag├Ñt├▒a',212,NULL),(1246,'Kiritimati',213,NULL),(1247,'Tarawa',213,NULL),(1248,'Kwajalein',214,NULL),(1249,'Majuro',214,NULL),(1250,'Yaren',215,NULL),(1251,'Noum├®a',216,NULL),(1252,'Auckland',217,NULL),(1253,'Christchurch',217,NULL),(1254,'Dunedin',217,NULL),(1255,'Queenstown',217,NULL),(1256,'Wellington',217,NULL),(1257,'Alofi',218,NULL),(1258,'Norfolk Island',219,NULL),(1259,'Rota Island',220,NULL),(1260,'Saipan Island',220,NULL),(1261,'Tinian Island',220,NULL),(1262,'Koror',221,NULL),(1263,'Port Moresby',222,NULL),(1264,'Apia',223,NULL),(1265,'Honiara',224,NULL),(1266,'Nuku╩╗alofa',225,NULL),(1267,'Vava╩╗u',225,NULL),(1268,'Funafuti',226,NULL),(1269,'Luganville',227,NULL),(1270,'Port Vila',227,NULL),(1271,'Futuna',228,NULL),(1272,'Wallis',228,NULL);
/*!40000 ALTER TABLE `cities` ENABLE KEYS */;
UNLOCK TABLES;

--
-- Table structure for table `continents`
--

DROP TABLE IF EXISTS `continents`;
/*!40101 SET @saved_cs_client     = @@character_set_client */;
/*!40101 SET character_set_client = utf8 */;
CREATE TABLE `continents` (
  `continent_id` int(11) NOT NULL AUTO_INCREMENT,
  `continent_name` varchar(45) NOT NULL,
  PRIMARY KEY (`continent_id`)
) ENGINE=InnoDB AUTO_INCREMENT=6 DEFAULT CHARSET=utf8mb4;
/*!40101 SET character_set_client = @saved_cs_client */;

--
-- Dumping data for table `continents`
--

LOCK TABLES `continents` WRITE;
/*!40000 ALTER TABLE `continents` DISABLE KEYS */;
INSERT INTO `continents` VALUES (1,'Africa'),(2,'America'),(3,'Asia'),(4,'Europe'),(5,'Oceania');
/*!40000 ALTER TABLE `continents` ENABLE KEYS */;
UNLOCK TABLES;

--
-- Table structure for table `countries`
--

DROP TABLE IF EXISTS `countries`;
/*!40101 SET @saved_cs_client     = @@character_set_client */;
/*!40101 SET character_set_client = utf8 */;
CREATE TABLE `countries` (
  `country_id` int(11) NOT NULL AUTO_INCREMENT,
  `country_name` varchar(45) NOT NULL,
  `country_code` varchar(3) CHARACTER SET latin1 NOT NULL,
  `country_hasZone` tinyint(4) NOT NULL,
  `continent_id` int(11) NOT NULL,
  PRIMARY KEY (`country_id`)
) ENGINE=InnoDB AUTO_INCREMENT=229 DEFAULT CHARSET=utf8mb4;
/*!40101 SET character_set_client = @saved_cs_client */;

--
-- Dumping data for table `countries`
--

LOCK TABLES `countries` WRITE;
/*!40000 ALTER TABLE `countries` DISABLE KEYS */;
INSERT INTO `countries` VALUES (1,'Algeria','DZ',0,1),(2,'Angola','AO',0,1),(3,'Benin','BJ',0,1),(4,'Botswana','BW',0,1),(5,'Burkina Faso','BF',0,1),(6,'Burundi','BI',0,1),(7,'Cameroon','CM',0,1),(8,'Cape Verde','CV',0,1),(9,'Central African Republic','CF',0,1),(10,'Chad','TD',0,1),(11,'Comoros','KM',0,1),(12,'C├┤te d\'Ivoire','CI',0,1),(13,'Democratic Republic of the Congo','CD',0,1),(14,'Djibouti','DJ',0,1),(15,'Egypt','EG',0,1),(16,'Equatorial Guinea','GQ',0,1),(17,'Eritrea','ER',0,1),(18,'Ethiopia','ET',0,1),(19,'Gabon','GA',0,1),(20,'Gambia','GM',0,1),(21,'Ghana','GH',0,1),(22,'Guinea','GN',0,1),(23,'Guinea-Bissau','GN',0,1),(24,'Kenya','KE',0,1),(25,'Lesotho','LS',0,1),(26,'Liberia','LR',0,1),(27,'Libya','LY',0,1),(28,'Madagascar','MG',0,1),(29,'Malawi','MW',0,1),(30,'Mali','ML',0,1),(31,'Mauritania','MR',0,1),(32,'Mauritius','MU',0,1),(33,'Mayotte','YT',0,1),(34,'Morocco','MA',0,1),(35,'Mozambique','MZ',0,1),(36,'Namibia','NA',0,1),(37,'Niger','NE',0,1),(38,'Nigeria','NE',0,1),(39,'Republic of the Congo','CG',0,1),(40,'R├®union','RE',0,1),(41,'Rwanda','RW',0,1),(42,'S├úo Tom├® and Pr├¡ncipe','ST',0,1),(43,'Senegal','SN',0,1),(44,'Seychelles','SC',0,1),(45,'Sierra Leone','SL',0,1),(46,'Somalia','SO',0,1),(47,'South Africa','ZA',0,1),(48,'South Sudan','SS',0,1),(49,'Sudan','SD',0,1),(50,'Swaziland','SZ',0,1),(51,'Tanzania','TZ',0,1),(52,'Togo','TG',0,1),(53,'Tunisia','TN',0,1),(54,'Uganda','UG',0,1),(55,'Zambia','ZM',0,1),(56,'Zimbabwe','ZW',0,1),(57,'Anguilla','AI',0,2),(58,'Antigua and Barbuda','AG',0,2),(59,'Argentina','AR',0,2),(60,'Bahamas','BS',0,2),(61,'Barbados','BB',0,2),(62,'Belize','BZ',0,2),(63,'Bermuda','BM',0,2),(64,'Bolivia','BO',0,2),(65,'Brazil','BR',1,2),(66,'Virgin Islands, GB','VG',0,0),(67,'Canada','CA',1,2),(68,'Cayman Islands','KY',0,2),(69,'Chile','CL',0,2),(70,'Colombia','CO',0,2),(71,'Costa Rica','CR',0,2),(72,'Cuba','CU',0,2),(73,'Dominica','DM',0,2),(74,'Dominican Republic','DM',0,2),(75,'Ecuador','EC',0,2),(76,'El Salvador','SV',0,2),(77,'Falkland Islands','FK',0,2),(78,'French Guiana','GF',0,2),(79,'Greenland','GL',0,2),(80,'Grenada','GD',0,2),(81,'Guadeloupe','GP',0,2),(82,'Guatemala','GT',0,2),(83,'Guyana','GY',0,2),(84,'Haiti','HT',0,2),(85,'Honduras','HN',0,2),(86,'Jamaica','JM',0,2),(87,'Martinique','MQ',0,2),(88,'Mexico','MX',1,2),(89,'Montserrat','MS',0,2),(90,'Netherlands Antilles','NL',0,2),(91,'Nicaragua','NI',0,2),(92,'Panama','PA',0,2),(93,'Paraguay','PY',0,2),(94,'Peru','PE',0,2),(95,'Puerto Rico','PR',0,2),(96,'Saint Barth├®lemy','BL',0,2),(97,'Saint Kitts and Nevis','KN',0,2),(98,'Saint Lucia','LC',0,2),(99,'Saint Vincent and the Grenadines','VC',0,2),(100,'Suriname','SR',0,2),(101,'Trinidad and Tobago','TT',0,2),(102,'Turks and Caicos Islands','TC',0,2),(103,'United States','US',1,2),(104,'Uruguay','UY',0,2),(105,'Virgin Islands, US','VI',0,0),(106,'Venezuela','VE',0,2),(107,'Afghanistan','AF',0,3),(108,'Armenia','AM',0,3),(109,'Azerbaijan','AZ',0,3),(110,'Bahrain','BH',0,3),(111,'Bangladesh','BD',0,3),(112,'Bhutan','BT',0,3),(113,'Brunei','BN',0,3),(114,'Cambodia','KH',0,3),(115,'China','CN',1,3),(116,'East Timor','TL',0,3),(117,'Georgia','GE',0,3),(118,'Hong Kong','HK',0,3),(119,'India','IN',1,3),(120,'Indonesia','ID',0,3),(121,'Iran','IR',0,3),(122,'Iraq','IQ',0,3),(123,'Israel','IL',0,3),(124,'Japan','JP',1,3),(125,'Jordan','JO',0,3),(126,'Kazakhstan','KZ',0,3),(127,'Kuwait','KW',0,3),(128,'Kyrgyzstan','KG',0,3),(129,'Laos','LA',0,3),(130,'Lebanon','LB',0,3),(131,'Macau','MO',0,3),(132,'Malaysia','MY',0,3),(133,'Maldives','MV',0,3),(134,'Mongolia','MN',0,3),(135,'Myanmar','MM',0,3),(136,'Nepal','NP',0,3),(137,'North Korea','KP',0,3),(138,'Oman','OM',0,3),(139,'Pakistan','PK',0,3),(140,'Philippines','PH',0,3),(141,'Qatar','QA',0,3),(142,'Saudi Arabia','SA',0,3),(143,'Singapore','SG',0,3),(144,'South Korea','KR',0,3),(145,'Sri Lanka','LK',0,3),(146,'Syria','SY',0,3),(147,'Taiwan','TW',0,3),(148,'Tajikistan','TJ',0,3),(149,'Thailand','TH',0,3),(150,'Turkmenistan','TM',0,3),(151,'United Arab Emirates','AE',0,3),(152,'Uzbekistan','UZ',0,3),(153,'Vietnam','VN',0,3),(154,'Yemen','YE',0,3),(155,'Albania','AL',0,4),(156,'Austria','AT',0,4),(157,'Belarus','BY',0,4),(158,'Belgium','BE',0,4),(159,'Bosnia and Herzegovina','BA',0,4),(160,'Bulgaria','BG',0,4),(161,'Croatia','HR',0,4),(162,'Cyprus','CY',0,4),(163,'Czech Republic','CZ',0,4),(164,'Denmark','DK',0,4),(165,'Estonia','EE',0,4),(166,'Faroe Islands','FO',0,4),(167,'Finland','FI',0,4),(168,'France','FR',1,4),(169,'Germany','DE',1,4),(170,'Gibraltar','GI',0,4),(171,'Greece','GR',0,4),(172,'Guernsey','GG',0,4),(173,'Hungary','HU',0,4),(174,'Iceland','IS',0,4),(175,'Ireland','IE',0,4),(176,'Isle of Man','IM',0,4),(177,'Italy','IT',1,4),(178,'Jersey','JE',0,4),(179,'Kosovo','XK',0,4),(180,'Latvia','LV',0,4),(181,'Lithuania','LT',0,4),(182,'Luxembourg','LU',0,4),(183,'Macedonia','MK',0,4),(184,'Malta','MT',0,4),(185,'Moldova','MD',0,4),(186,'Montenegro','ME',0,4),(187,'Netherlands','NL',0,4),(188,'Northern Ireland','IE',0,4),(189,'Norway','NO',0,4),(190,'Poland','PL',0,4),(191,'Portugal','PT',0,4),(192,'Romania','RO',0,4),(193,'Russia','RU',1,4),(195,'Serbia','RS',0,4),(196,'Slovakia','SK',0,4),(197,'Slovenia','SI',0,4),(198,'Spain','ES',1,4),(199,'Sweden','SE',0,4),(200,'Switzerland','CH',0,4),(201,'Turkey','TR',0,4),(202,'Ukraine','UA',0,4),(203,'United Kingdom','UK',1,4),(204,'Australia','AU',0,5),(205,'Christmas Island','CX',0,5),(206,'Cocos (Keeling Islands)','CC',0,5),(207,'Cook Islands','CK',0,5),(208,'Easter Island','CL',0,5),(209,'Federated States of Micronesia','FM',0,5),(210,'Fiji','FJ',0,5),(211,'French Polynesia','PF',0,5),(212,'Guam','GU',0,5),(213,'Kiribati','KI',0,5),(214,'Marshall Islands','MH',0,5),(215,'Nauru','NR',0,5),(216,'New Caledonia','NC',0,5),(217,'New Zealand','NZ',0,5),(218,'Niue','NU',0,5),(219,'Norfolk Island','NF',0,5),(220,'Northern Mariana Islands','MP',0,5),(221,'Palau','PW',0,5),(222,'Papua New Guinea','PG',0,5),(223,'Samoa','WS',0,5),(224,'Solomon Islands','SB',0,5),(225,'Tonga','TO',0,5),(226,'Tuvalu','TV',0,5),(227,'Vanuatu','VU',0,5),(228,'Wallis and Futuna','WF',0,5);
/*!40000 ALTER TABLE `countries` ENABLE KEYS */;
UNLOCK TABLES;

--
-- Table structure for table `userairports`
--

DROP TABLE IF EXISTS `userairports`;
/*!40101 SET @saved_cs_client     = @@character_set_client */;
/*!40101 SET character_set_client = utf8 */;
CREATE TABLE `userairports` (
  `userAirport_id` int(11) NOT NULL AUTO_INCREMENT,
  `user_id` int(11) NOT NULL,
  `airport_id` int(11) NOT NULL,
  PRIMARY KEY (`userAirport_id`)
) ENGINE=InnoDB AUTO_INCREMENT=2 DEFAULT CHARSET=latin1;
/*!40101 SET character_set_client = @saved_cs_client */;

--
-- Dumping data for table `userairports`
--

LOCK TABLES `userairports` WRITE;
/*!40000 ALTER TABLE `userairports` DISABLE KEYS */;
INSERT INTO `userairports` VALUES (1,2,167);
/*!40000 ALTER TABLE `userairports` ENABLE KEYS */;
UNLOCK TABLES;

--
-- Table structure for table `users`
--

DROP TABLE IF EXISTS `users`;
/*!40101 SET @saved_cs_client     = @@character_set_client */;
/*!40101 SET character_set_client = utf8 */;
CREATE TABLE `users` (
  `user_id` int(11) NOT NULL AUTO_INCREMENT,
  `user_joindate` datetime NOT NULL,
  `user_email` varchar(45) NOT NULL,
  `user_password` varchar(90) NOT NULL,
  `user_subscription` int(11) NOT NULL,
  `user_stripeid` varchar(45) NOT NULL,
  `user_resetpasstocken` varchar(45) DEFAULT NULL,
  `user_resetpasstime` datetime DEFAULT NULL,
  PRIMARY KEY (`user_id`)
) ENGINE=InnoDB AUTO_INCREMENT=5 DEFAULT CHARSET=utf8mb4;
/*!40101 SET character_set_client = @saved_cs_client */;

--
-- Dumping data for table `users`
--

LOCK TABLES `users` WRITE;
/*!40000 ALTER TABLE `users` DISABLE KEYS */;
INSERT INTO `users` VALUES (1,'2018-08-31 12:50:33','id4@gmail.com','$2y$10$/Ql8HH9CxcV98ntlDGbzgOPNXIH7XeoVdyQtTvPlHoyEdorYwUFQy',1,'cus_DWCcSs1aI8ULm4',NULL,NULL),(2,'2018-10-01 20:20:50','dany@test.com','$2y$10$9eSGX33ArmkEOUZVWvm56uabG.i7Sm9xbIYN1r9ddhNhMb0tTXpwG',1,'cus_Dhvss7RVSHT3mZ',NULL,NULL),(3,'2018-10-10 18:25:54','dani.extreame@gmail.com','$2y$10$DLEZ0zchPTqk5M8VxarONudRLtUNmD.ldXBLspa9bu46Qgrb/UQke',1,'cus_DlH3FoRS6i1w7T',NULL,NULL),(4,'2018-10-12 18:02:31','dani@me.com','$2y$10$t1ffEnNElCmkkz2YvN6T1OXp1NdXI9XhxFNqSDxXJL2srpCuuSvJ2',1,'cus_Dm185eD9EegfRn',NULL,NULL);
/*!40000 ALTER TABLE `users` ENABLE KEYS */;
UNLOCK TABLES;

--
-- Table structure for table `zones`
--

DROP TABLE IF EXISTS `zones`;
/*!40101 SET @saved_cs_client     = @@character_set_client */;
/*!40101 SET character_set_client = utf8 */;
CREATE TABLE `zones` (
  `zone_id` int(11) NOT NULL AUTO_INCREMENT,
  `zone_name` varchar(45) NOT NULL,
  `country_id` int(11) NOT NULL,
  PRIMARY KEY (`zone_id`)
) ENGINE=InnoDB AUTO_INCREMENT=70 DEFAULT CHARSET=utf8mb4;
/*!40101 SET character_set_client = @saved_cs_client */;

--
-- Dumping data for table `zones`
--

LOCK TABLES `zones` WRITE;
/*!40000 ALTER TABLE `zones` DISABLE KEYS */;
INSERT INTO `zones` VALUES (1,'East North Central',103),(2,'East South Central',103),(3,'Middle Atlantic',103),(4,'Mountain',103),(5,'New England',103),(6,'Pacific',103),(7,'South Atlantic',103),(8,'West North Central',103),(9,'West South Central',103),(10,'Greater London',203),(11,'Midlands',203),(12,'North England & Yorkshire and the Humber',203),(13,'South & East England',203),(14,'Wales',203),(15,'Balearic Islands',198),(16,'Canary Islands',198),(17,'Catalonia',198),(18,'Far East',193),(19,'North Caucasus',193),(20,'Siberia',193),(21,'Ural',193),(22,'Volga',193),(23,'East',88),(24,'North-Central',88),(25,'Northwest',88),(26,'South Central',88),(27,'Southwest',88),(28,'West',88),(29,'Chubu',124),(30,'Chugoku',124),(31,'Hokkaido',124),(32,'Kanto',124),(33,'Kinki',124),(34,'Kyushu-Okinawa',124),(35,'Tohoku',124),(36,'Central-West',65),(37,'North',65),(38,'North East',65),(39,'South',65),(40,'Southeast',65),(41,'Atlantic',67),(42,'Central',67),(43,'Prairies',67),(44,'West Coast',67),(45,'Corsica',168),(46,'Eastern',168),(47,'Northern',168),(48,'Southern',168),(49,'Western',168),(50,'Insular',177),(51,'Northeast',177),(52,'Scotland',203),(53,'South',193),(54,'East',115),(55,'North',115),(56,'North East',115),(57,'Northwest',115),(58,'South Central',115),(59,'Southwest',115),(60,'Central',169),(61,'Northern',169),(62,'Southern',169),(63,'Western',169),(64,'Central',119),(65,'East',119),(66,'North',119),(67,'North East',119),(68,'South',119),(69,'West',119);
/*!40000 ALTER TABLE `zones` ENABLE KEYS */;
UNLOCK TABLES;
/*!40103 SET TIME_ZONE=@OLD_TIME_ZONE */;

/*!40101 SET SQL_MODE=@OLD_SQL_MODE */;
/*!40014 SET FOREIGN_KEY_CHECKS=@OLD_FOREIGN_KEY_CHECKS */;
/*!40014 SET UNIQUE_CHECKS=@OLD_UNIQUE_CHECKS */;
/*!40101 SET CHARACTER_SET_CLIENT=@OLD_CHARACTER_SET_CLIENT */;
/*!40101 SET CHARACTER_SET_RESULTS=@OLD_CHARACTER_SET_RESULTS */;
/*!40101 SET COLLATION_CONNECTION=@OLD_COLLATION_CONNECTION */;
/*!40111 SET SQL_NOTES=@OLD_SQL_NOTES */;

-- Dump completed on 2018-11-15 19:17:11
